D001,1,D001,95,1,1,2,0,201,2,0,004,004,,2
DEN000,1,DEN000,99,1,1,1,0,101,2,0,,,002,2
H02,1,H02,31,1,1,2,0,000,2,0,,,,2
H03,1,H03,31,1,1,2,0,000,2,0,,,,2
H04,1,H04,95,1,1,2,0,102,2,0,001,002,,2
H05,1,H05,95,1,1,2,0,000,2,0,,,,2
H06,1,H06,95,1,1,2,0,000,2,0,004,004,,2
H07,1,H07,31,1,1,2,0,000,2,0,,,,2
H09,1,H09,95,1,1,2,0,000,2,0,002,002,,2
H10,1,H10,31,1,1,2,0,000,2,0,,,,2
H11,1,H11,31,1,1,2,0,000,2,0,,,,2
J01,6,J01,31,2,2,2,118311,101,2,0,,,,2
J01001,1,J01001,31,1,1,2,0,104,4,31,002,002,,2
J02,6,J02,31,2,2,2,118643,101,2,0,002,003,,2
K01,1,K01,95,1,1,2,0,000,2,0,,,,2
K02,1,K02,95,1,1,2,5775000,000,2,0,,,,2
K03,1,K03,31,1,1,2,0,000,2,0,,,,2
K04,1,K04,31,1,1,2,19742918,201,4,0,002,004,,2
K05,1,K05,95,1,1,2,0,000,2,0,,,,2
K07,1,K07,95,1,1,2,0,000,2,0,002,004,,2
K08,1,K08,95,1,1,2,0,000,2,0,002,001,,2
K09,1,K09,95,1,1,2,0,000,2,0,002,004,,2
K12,1,K12,95,1,1,2,0,203,4,31,002,004,,2
K13,1,K13,95,1,1,2,0,000,2,0,,,,2
K14,1,K14,31,1,1,2,0,000,4,31,,,,2
K15,1,K15,31,1,1,2,0,000,2,0,,,,2
K16,1,K16,95,1,1,2,0,000,2,0,,,,2
K17,1,K17,95,1,1,2,0,000,2,0,002,004,,2
k18,1,k18,95,1,1,1,0,000,2,0,002,004,,2
K19,1,K19,31,1,1,2,0,000,4,31,,,,2
K20,1,K20,95,1,1,2,0,000,4,31,,,,2
K21,1,K21,95,1,1,2,0,000,4,31,,,,2
K22,1,K22,95,1,1,2,0,000,4,31,,,,2
K23,1,K23,95,1,1,2,0,000,4,31,,,,2
K24,1,K24,95,1,1,2,0,000,4,31,,,,2
K25,1,K25,95,1,1,2,0,000,4,31,,,,2
K26,1,K26,95,1,1,2,0,000,4,31,,,,2
K27,1,K27,95,1,1,2,0,000,4,31,,,,2
K28,1,K28,95,1,1,2,0,000,4,31,,,,2
K29,1,K29,95,1,1,2,0,000,4,31,,,,2
K30,1,K30,95,1,1,2,0,000,4,31,,,,2
K31,1,K31,95,1,1,2,0,000,4,31,,,,2
K32,1,K32,95,1,1,2,0,000,4,31,,,,2
K33,1,K33,95,1,1,2,0,000,4,31,,,,2
K34,1,K34,95,1,1,2,0,000,4,31,,,,2
K35,1,K35,95,1,1,2,0,000,4,31,,,,2
K36,1,K36,95,1,1,2,0,000,4,31,,,,2
K37,1,K37,95,1,1,2,0,000,4,31,,,,2
K38,1,K38,95,1,1,2,0,000,4,31,,,,2
K39,1,K39,95,1,1,2,0,000,4,31,,,,2
K40,1,K40,95,1,1,2,0,000,4,31,,,,2
K41,1,K41,95,1,1,2,0,000,4,31,,,,2
K42,1,K42,95,1,1,2,0,000,4,31,,,,2
K43,1,K43,95,1,1,2,0,000,4,31,,,,2
K44,1,K44,95,1,1,2,0,000,4,31,,,,2
K45,1,K45,95,1,1,2,0,000,4,31,,,,2
K46,1,K46,95,1,1,2,0,000,4,31,,,,2
K47,1,K47,95,1,1,2,0,000,4,31,,,,2
K48,1,K48,95,1,1,2,0,000,4,31,,,,2
K49,1,K49,95,1,1,2,0,000,4,31,,,,2
K50,1,K50,95,1,1,2,0,000,4,31,,,,2
K51,1,K51,95,1,1,2,0,000,4,31,,,,2
K52,1,K52,31,1,1,2,0,000,4,31,,,,2
K53,1,K53,95,1,1,2,0,000,4,31,,,,2
K54,1,K54,95,1,1,2,0,000,4,31,,,,2
K55,1,K55,95,1,1,2,0,000,4,31,,,,2
K56,1,K56,95,1,1,2,0,000,4,31,,,,2
K57,1,K57,95,1,1,2,0,000,4,31,,,,2
K58,1,K58,95,1,1,2,0,000,4,31,,,,2
K59,1,K59,95,1,1,2,0,000,4,31,,,,2
K60,1,K60,95,1,1,2,0,000,4,31,,,,2
K61,1,K61,95,1,1,2,0,000,4,31,,,,2
K62,1,K62,95,1,1,2,0,000,4,31,,,,2
K63,1,K63,95,1,1,2,0,000,4,31,,,,2
K64,1,K64,95,1,1,2,0,000,4,31,,,,2
K65,1,K65,95,1,1,2,0,000,4,31,,,,2
K66,1,K66,95,1,1,2,0,000,4,31,,,,2
K67,1,K67,95,1,1,2,0,000,4,31,,,,2
K68,1,K68,95,1,1,2,0,000,4,31,,,,2
K69,1,K69,95,1,1,2,0,000,4,31,,,,2
K70,1,K70,95,1,1,2,0,000,4,31,,,,2
K71,1,K71,95,1,1,2,0,000,4,31,,,,2
K72,1,K72,95,1,1,2,0,000,4,31,,,,2
K73,1,K73,95,1,1,2,0,000,4,31,,,,2
K74,1,K74,95,1,1,2,0,000,4,31,,,,2
K75,1,K75,95,1,1,2,0,104,4,31,,,,2
K76,1,K76,95,2,2,2,75460,000,2,0,002,004,,2
P0000,4,P0000,31,1,1,2,222208,105,2,0,002,001,,2
P0001,4,P0001,31,1,1,2,0,102,4,31,002,001,,2
P0002,4,P0002,95,1,1,2,1,102,4,31,002,001,,1
P0003,4,P0003,31,1,1,2,683849,102,2,31,002,001,,2
P0004,4,P0004,95,1,1,2,1312850,107,2,0,001,001,,2
P0005,4,P0005,31,1,1,2,178184,102,4,31,002,001,,2
P0006,4,P0006,31,1,1,2,201762,102,4,31,002,001,,2
P0007,4,P0007,31,1,1,2,392067,102,4,31,002,001,,2
P0008,4,P0008,31,1,1,2,277420,102,4,31,002,001,,2
P0009,4,P0009,31,1,1,2,241472,102,4,31,002,001,,2
P0010,4,P0010,31,1,1,2,168135,102,4,31,002,001,,2
P0011,4,P0011,31,1,1,2,187374,102,4,31,002,001,,2
P0012,4,P0012,31,1,1,2,205403,102,4,31,002,001,,2
P0013,4,P0013,31,1,1,2,109010,102,4,31,002,001,,2
P0014,4,P0014,31,1,1,2,169081,102,4,31,002,001,,2
P0015,4,P0015,31,1,1,2,253105,102,4,31,002,001,,2
P0016,4,P0016,31,1,1,2,152361,102,4,31,002,001,,2
P0017,4,P0017,31,1,1,2,237518,102,4,31,002,001,,2
P0018,4,P0018,31,1,1,2,81455,102,4,31,002,001,,2
P0019,4,P0019,31,1,1,2,192561,102,4,31,002,001,,2
P0020,4,P0020,95,1,1,2,0,104,4,31,002,001,,1
P0021,1,P0021,31,1,1,2,209946,102,3,10,002,002,,2
P0022,1,P0022,31,1,1,2,0,102,3,10,002,002,,2
P0023,1,P0023,31,1,1,2,22869,102,3,10,002,002,,2
P0024,1,P0024,31,1,1,2,62865,102,3,10,002,002,,2
P0025,1,P0025,31,1,1,2,105534,102,3,10,002,002,,2
P0026,1,P0026,31,1,1,2,0,102,3,10,002,002,,2
P0027,1,P0027,31,1,1,2,103340,102,3,10,002,002,,2
P0028,1,P0028,31,1,1,2,74938,102,3,10,002,002,,2
P0029,1,P0029,31,1,1,2,199089,102,4,25,002,002,,2
P0030,1,P0030,31,1,1,2,0,102,4,31,002,002,,2
P0031,1,P0031,31,1,1,2,0,102,4,25,002,002,,2
P0032,1,P0032,31,1,1,2,0,102,4,25,002,002,,2
P0033,1,P0033,31,1,1,2,0,102,4,31,002,002,,2
P0034,1,P0034,31,1,1,2,0,102,4,25,002,002,,2
P0035,1,P0035,20,1,1,2,66847,102,4,15,002,002,,2
P0036,1,P0036,20,1,1,2,4510,102,4,15,002,002,,2
P0037,1,P0037,20,1,1,2,96690,102,4,15,002,002,,2
P0038,4,P0038,31,1,1,2,34530,102,4,20,002,001,,2
P0039,4,P0039,31,1,1,2,53277,102,4,20,002,001,,2
P0040,4,P0040,31,1,1,2,32718,102,4,20,002,001,,2
P0041,4,P0041,95,1,1,2,0,107,2,0,005,001,,2
P0042,1,P0042,95,1,1,2,94138,107,2,0,001,002,,2
P0043,4,P0043,95,1,1,2,1,102,4,31,002,001,,1
P0044,4,P0044,31,1,1,2,4972712,106,4,31,002,001,,2
P0045,1,P0045,95,1,1,2,234036,107,2,0,001,002,,2
P0046,4,P0046,31,1,1,2,3412758,102,3,10,002,001,,2
P0047,4,P0047,31,1,1,2,265672,102,4,10,002,001,,2
P0048,4,P0048,95,1,1,2,37730,108,2,0,001,001,,2
P0049,4,P0049,31,1,1,2,477807,102,4,10,002,001,,2
P0050,4,P0050,95,1,1,2,101948,107,2,0,001,001,,2
P0051,1,P0051,95,1,1,2,47792,107,2,0,001,002,,2
P0052,4,P0052,95,1,1,2,88044,108,2,0,001,001,,2
P0053,1,P0053,31,1,1,2,269275,102,4,15,002,002,,2
P0054,4,P0054,20,1,1,2,310618,102,4,20,002,001,,2
P0055,4,P0055,20,1,1,2,195968,102,4,20,002,001,,2
P0056,4,P0056,20,1,1,2,623300,102,4,20,002,001,,2
P0057,1,P0057,95,1,1,2,0,107,2,0,001,002,,2
P0058,4,P0058,31,1,1,2,531735,102,4,31,002,001,,2
P0059,1,P0059,95,1,1,2,412880,107,2,0,001,002,,2
P0060,4,P0060,95,1,1,2,276694,108,2,0,001,001,,2
P0061,1,P0061,95,1,1,2,0,107,2,0,001,002,,2
P0062,4,P0062,20,1,1,2,0,102,4,20,002,001,,2
P0063,1,P0063,95,1,1,2,0,107,2,0,001,002,,2
P0064,4,P0064,95,1,1,2,50633,107,2,0,001,001,,2
P0065,1,P0065,95,1,1,2,0,107,2,0,001,002,,1
P0066,1,P0066,95,1,1,2,111848,107,2,0,001,002,,2
P0067,1,P0067,95,1,1,2,0,108,2,0,001,002,,2
P0068,1,P0068,95,1,1,2,212245,107,2,0,001,002,,2
P0069,4,P0069,31,1,2,3,77760,102,1,31,002,001,,2
P0070,1,P0070,95,1,1,2,103813,107,2,0,001,002,,2
P0071,1,P0071,95,1,1,2,416086,108,2,0,001,002,,2
P0072,1,P0072,95,1,1,2,0,107,2,0,001,002,,2
P0073,1,P0073,31,1,1,2,86472,102,4,15,002,002,,2
P0074,1,P0074,31,1,1,2,0,107,2,0,002,002,,2
P0075,1,P0075,95,1,1,2,0,104,2,0,001,002,,1
P0076,1,P0076,31,1,1,2,93940,102,4,31,002,002,,2
P0077,1,P0077,95,1,1,2,76307,107,2,0,001,002,,2
P0078,4,P0078,31,1,1,2,23958,102,3,31,002,001,,2
P0079,1,P0079,95,1,1,2,159803,106,2,0,006,002,,2
P0080,4,P0080,20,1,1,2,55323,102,4,5,002,001,,2
P0081,4,P0081,31,1,1,2,194315,102,4,31,002,001,,2
P0082,1,P0082,31,1,1,2,10560,105,4,31,002,002,,2
P0083,4,P0083,95,1,1,2,65602,107,2,0,001,001,,2
P0084,1,P0084,31,1,1,2,253121,102,4,20,002,002,,2
P0085,1,P0085,95,1,1,2,0,108,2,0,001,002,,2
P0086,4,P0086,95,1,1,2,0,102,2,0,001,001,,2
P0087,4,P0087,95,1,1,2,77495,107,2,0,001,001,,2
P0088,1,P0088,95,1,1,2,0,107,2,0,001,002,,2
P0089,4,P0089,95,1,1,2,15544,108,2,0,001,001,,2
P0090,1,P0090,95,1,1,2,0,107,2,0,001,002,,1
P0091,4,P0091,31,1,1,2,307461,102,3,5,002,001,,2
P0092,4,P0092,31,1,1,2,127622,102,4,10,002,001,,2
P0093,1,P0093,95,1,1,2,0,107,2,0,005,002,,2
P0094,1,P0094,95,1,1,2,0,107,2,0,001,002,,2
P0095,1,P0095,95,1,1,2,22979,107,2,0,001,002,,2
P0096,1,P0096,95,1,1,2,106645,108,2,0,001,002,,2
P0097,1,P0097,31,1,1,2,313298,102,4,25,002,002,,2
P0098,1,P0098,31,1,1,2,0,102,4,31,002,002,,2
P0099,4,P0099,31,1,1,2,0,106,3,5,002,001,,2
P0100,1,P0100,95,1,1,2,0,107,2,0,001,002,,2
P0101,1,P0101,95,1,1,2,36410,107,2,0,001,002,,2
P0102,1,P0102,95,1,1,2,55908,107,2,0,001,002,,2
P0103,1,P0103,95,1,1,2,0,108,2,0,001,002,,1
P0104,1,P0104,95,1,1,2,0,107,2,0,001,002,,2
P0105,1,P0105,31,1,2,3,267869,102,4,30,002,002,,2
P0106,1,P0106,95,1,1,2,74866,107,2,0,001,002,,2
P0107,1,P0107,95,1,1,2,0,107,2,0,001,002,,2
P0108,1,P0108,31,1,1,2,103851,102,4,31,002,002,,2
P0109,1,P0109,31,1,1,2,0,102,4,31,002,002,,2
P0110,1,P0110,95,1,1,2,237001,107,2,0,001,002,,2
P0111,1,P0111,31,1,1,2,81268,102,4,31,002,002,,2
P0112,1,P0112,95,1,1,2,71264,107,2,0,001,002,,2
P0113,1,P0113,95,1,1,2,0,108,2,0,001,002,,2
P0114,1,P0114,31,1,1,2,0,103,4,31,002,002,,2
P0115,1,P0115,31,1,1,2,64306,105,4,31,002,002,,2
P0116,1,P0116,95,1,1,2,1141261,107,2,0,001,002,,2
P0117,1,P0117,95,1,1,2,0,107,2,0,001,002,,2
P0118,1,P0118,95,1,1,2,42356,107,2,0,001,002,,2
P0119,1,P0119,95,1,1,2,0,107,2,0,001,002,,2
P0120,1,P0120,20,1,1,2,16698,106,4,20,002,002,,2
P0121,4,P0121,31,1,1,2,15544,104,4,15,002,001,,2
P0122,1,P0122,95,1,1,2,0,102,4,31,002,002,,1
P0123,1,P0123,95,1,2,3,0,102,4,31,002,002,,1
P0124,1,P0124,31,1,1,2,0,104,4,15,002,002,,2
P0125,1,P0125,95,1,1,2,94248,107,2,0,001,002,,2
P0126,1,P0126,95,1,1,2,84139,107,2,0,001,002,,2
P0127,1,P0127,95,1,1,2,130933,107,2,0,001,002,,2
P0128,4,P0128,31,1,1,2,0,102,4,31,002,001,,2
P0129,4,P0129,95,1,1,2,56584,107,2,0,001,001,,2
P0130,1,P0130,95,1,1,2,0,108,2,0,001,002,,2
P0131,1,P0131,95,1,1,2,368840,107,2,0,001,002,,2
P0132,1,P0132,95,1,1,2,4730,107,2,0,001,002,,2
P0133,1,P0133,95,1,1,2,0,107,2,0,001,002,,1
P0134,4,P0134,31,1,1,2,80622,106,4,31,002,001,,2
P0135,1,P0135,95,1,1,2,0,102,4,31,002,002,,1
P0136,1,P0136,20,1,1,2,161503,103,4,31,002,002,,2
P0137,1,P0137,95,1,1,2,0,107,2,0,005,002,,2
P0138,1,P0138,95,1,1,2,0,107,2,0,001,002,,1
P0139,1,P0139,31,1,1,2,0,102,4,31,002,002,,2
P0140,4,P0140,20,1,1,2,0,106,4,20,002,001,,2
P0141,1,P0141,95,1,1,2,56513,107,2,0,001,002,,2
P0142,4,P0142,95,1,1,2,42834,107,2,0,001,001,,2
P0143,1,P0143,95,1,1,2,142728,108,2,0,001,002,,2
P0144,1,P0144,95,1,1,2,0,108,2,0,001,002,,2
P0145,1,P0145,95,1,1,2,0,107,2,0,001,002,,2
P0146,1,P0146,31,1,1,2,74532,104,4,20,002,002,,2
P0147,1,P0147,95,1,1,2,25383,107,2,0,001,002,,2
P0148,1,P0148,31,1,1,2,0,102,4,31,002,002,,2
P0149,1,P0149,95,1,1,2,153379,107,2,0,001,002,,2
P0150,4,P0150,95,1,1,2,0,108,2,0,001,001,,1
P0151,4,P0151,31,1,1,2,0,102,3,15,002,001,,2
P0152,1,P0152,31,1,1,2,18007,102,4,31,002,002,,2
P0153,1,P0153,95,1,1,2,1,104,4,31,002,002,,1
P0154,1,P0154,95,1,1,2,81510,107,2,0,001,002,,2
P0155,1,P0155,95,1,1,2,0,107,2,0,001,002,,1
P0156,1,P0156,95,1,1,2,30580,107,2,0,001,002,,2
P0157,4,P0157,95,1,1,2,1,106,4,15,002,001,,1
P0158,1,P0158,95,1,1,2,0,107,2,0,001,002,,2
P0159,1,P0159,31,1,1,2,16665,102,4,31,002,002,,2
P0160,1,P0160,95,1,1,2,163233,107,2,0,001,002,,2
P0161,1,P0161,95,1,1,2,0,107,2,0,001,002,,1
P0162,1,P0162,95,1,1,2,0,108,2,0,001,002,,2
P0163,1,P0163,95,1,1,2,0,107,2,0,001,002,,2
P0164,1,P0164,95,1,1,2,0,107,2,0,001,002,,2
P0165,1,P0165,95,1,1,2,0,107,2,0,001,002,,2
P0166,1,P0166,95,1,1,2,0,107,2,0,001,002,,2
P0167,1,P0167,95,1,1,2,158532,107,2,0,001,002,,2
P0168,4,P0168,31,1,1,2,31878,102,4,20,002,001,,2
P0169,1,P0169,95,1,1,2,0,107,2,0,001,002,,2
P0170,4,P0170,20,1,1,2,0,106,4,20,002,001,,2
P0171,1,P0171,95,1,1,2,0,108,2,0,001,002,,2
P0172,1,P0172,31,1,1,2,0,104,4,31,002,002,,2
P0173,1,P0173,95,1,1,2,36344,107,2,0,001,002,,2
P0174,1,P0174,95,1,1,2,0,107,2,0,001,002,,2
P0175,1,P0175,31,1,1,2,0,102,4,31,002,002,,2
P0176,1,P0176,95,1,1,2,0,107,2,0,001,002,,2
P0177,4,P0177,31,1,1,2,131670,102,3,10,002,001,,2
P0178,1,P0178,95,1,1,2,0,107,2,0,001,002,,2
P0179,1,P0179,95,1,1,2,0,107,2,0,001,002,,2
P0180,1,P0180,95,1,1,2,0,108,2,0,001,002,,2
P0181,4,P0181,31,1,1,2,55711,106,4,20,002,001,,2
P0182,1,P0182,95,1,1,2,0,107,2,0,001,002,,2
P0183,4,P0183,31,1,1,2,149006,102,4,31,002,001,,2
P0184,1,P0184,95,1,1,2,0,107,2,0,001,002,,2
P0185,1,P0185,95,1,1,2,0,108,2,0,001,002,,1
P0186,1,P0186,95,1,1,2,0,107,2,0,001,002,,2
P0187,1,P0187,31,1,1,2,0,102,4,31,002,002,,2
P0188,1,P0188,95,1,1,2,0,107,2,0,001,002,,2
P0189,1,P0189,95,1,1,2,10285,107,2,0,001,002,,2
P0190,1,P0190,95,1,1,2,0,107,2,0,001,002,,2
P0191,1,P0191,95,1,1,2,0,107,2,0,001,002,,2
P0192,1,P0192,31,1,1,2,0,102,4,0,002,002,,2
P0193,1,P0193,95,1,1,2,0,107,2,0,001,002,,2
P0194,1,P0194,95,1,1,2,0,107,2,0,001,002,,1
P0195,1,P0195,95,1,1,2,0,107,2,0,001,002,,1
P0196,1,P0196,95,1,1,2,0,107,2,0,001,002,,1
P0197,4,P0197,20,1,1,2,15984,104,4,9,002,001,,2
P0198,1,P0198,95,1,1,2,37444,107,2,0,001,002,,2
P0199,1,P0199,95,1,1,2,0,107,2,0,001,002,,1
P0200,1,P0200,95,1,1,2,0,108,2,0,001,002,,2
P0201,1,P0201,95,1,1,2,1,107,2,0,001,002,,1
P0202,4,P0202,95,1,1,2,0,102,4,20,002,001,,1
P0203,1,P0203,31,1,1,2,0,102,4,31,002,002,,2
P0204,1,P0204,95,1,1,2,0,107,2,0,001,002,,1
P0205,1,P0205,95,1,1,2,0,107,2,0,001,002,,2
P0206,1,P0206,95,1,1,2,0,107,2,0,001,002,,2
P0207,1,P0207,95,1,1,2,41712,108,2,0,001,002,,2
P0208,1,P0208,95,1,1,2,0,107,2,0,001,002,,2
P0209,1,P0209,95,1,1,2,0,107,2,0,001,002,,2
P0210,1,P0210,95,1,1,2,38610,107,2,0,001,002,,2
P0211,1,P0211,95,1,1,2,5335,107,2,0,005,002,,2
P0212,1,P0212,95,1,1,2,0,107,2,0,001,002,,1
P0213,1,P0213,95,1,1,2,0,108,2,0,001,002,,2
P0214,1,P0214,95,1,1,2,0,107,2,0,001,002,,2
P0215,1,P0215,95,1,1,2,0,107,2,0,001,002,,2
P0216,1,P0216,31,1,1,2,0,103,4,31,002,002,,2
P0217,4,P0217,95,1,1,2,0,102,4,31,002,001,,1
P0218,1,P0218,95,1,1,2,9132,107,2,0,001,002,,2
P0219,1,P0219,95,1,1,2,0,107,2,0,001,002,,2
P0220,1,P0220,95,1,1,2,0,104,2,0,005,002,,2
P0221,1,P0221,95,1,1,2,0,108,2,0,001,002,,2
P0222,1,P0222,95,1,1,2,78756,107,2,0,001,002,,2
P0223,1,P0223,95,1,1,2,0,107,2,0,001,002,,2
P0224,1,P0224,95,1,1,2,0,107,2,0,001,002,,1
P0225,1,P0225,95,1,1,2,0,107,2,0,001,002,,2
P0226,4,P0226,31,1,1,2,0,106,4,0,002,001,,2
P0227,4,P0227,95,1,1,2,0,107,2,0,001,001,,2
P0228,1,P0228,31,1,1,2,2906,106,1,31,002,002,,2
P0229,1,P0229,95,1,1,2,29271,108,2,0,001,002,,2
P0230,1,P0230,95,1,1,2,0,107,2,0,001,002,,2
P0231,1,P0231,95,1,1,2,0,107,2,0,001,002,,2
P0232,1,P0232,95,1,1,2,0,108,2,0,001,002,,2
P0233,1,P0233,95,1,1,2,0,107,2,0,001,002,,2
P0234,1,P0234,95,1,1,2,0,107,2,0,001,002,,2
P0235,1,P0235,95,1,1,2,23122,107,2,0,001,002,,2
P0236,4,P0236,95,1,1,2,0,107,2,0,001,001,,1
P0237,1,P0237,95,1,1,2,0,107,2,0,001,002,,2
P0238,1,P0238,95,1,1,2,50149,107,2,0,001,002,,2
P0239,6,P0239,95,1,1,2,0,101,2,0,001,003,,2
P0240,1,P0240,95,1,1,2,0,107,2,0,001,002,,2
P0241,1,P0241,31,1,1,2,0,102,4,31,002,002,,2
P0242,1,P0242,95,1,1,2,0,108,2,0,001,002,,2
P0243,4,P0243,95,1,1,2,0,102,4,31,002,001,,1
P0244,1,P0244,95,1,1,2,0,107,2,0,001,002,,1
P0245,1,P0245,95,1,1,2,11130,108,2,0,001,002,,2
P0246,1,P0246,95,1,1,2,0,107,2,0,001,002,,2
P0247,1,P0247,95,1,1,2,45309,107,2,0,001,002,,2
P0248,1,P0248,95,1,1,2,0,107,2,0,001,002,,2
P0249,1,P0249,95,1,1,2,31328,107,2,0,001,002,,2
P0250,1,P0250,95,1,1,2,0,107,2,0,001,002,,1
P0251,1,P0251,95,1,1,2,74327,107,2,0,001,002,,2
P0252,1,P0252,95,1,1,2,0,107,2,0,001,002,,1
P0253,1,P0253,95,1,1,2,29469,107,2,0,001,002,,2
P0254,6,P0254,95,1,1,2,0,107,2,0,001,003,,2
P0255,1,P0255,95,1,1,2,50056,107,2,0,001,002,,2
P0256,1,P0256,31,1,1,2,0,106,4,10,002,002,,2
P0257,1,P0257,95,1,1,2,11484,107,2,0,001,002,,2
P0258,1,P0258,31,1,1,2,38610,102,4,25,002,002,,2
P0259,1,P0259,95,1,1,2,111562,107,2,0,001,002,,2
P0260,1,P0260,95,1,1,2,0,107,2,0,001,003,,2
P0261,1,P0261,95,1,1,2,0,107,2,0,001,002,,1
P0262,1,P0262,31,1,1,2,231229,104,4,31,002,002,,2
P0263,1,P0263,95,1,1,2,126258,107,2,0,001,002,,2
P0264,4,P0264,31,1,1,2,31088,105,4,31,002,001,,2
P0265,1,P0265,95,1,1,2,0,107,2,0,001,002,,2
P0266,1,P0266,95,1,1,2,0,107,2,0,001,002,,2
P0267,1,P0267,95,1,1,2,0,108,2,0,001,002,,2
P0268,1,P0268,95,1,1,2,0,108,2,0,001,002,,1
P0269,1,P0269,95,1,1,2,0,107,2,0,001,002,,2
P0270,1,P0270,95,1,1,2,0,102,3,31,002,002,,1
P0271,1,P0271,95,1,1,2,0,107,2,0,001,002,,2
P0272,1,P0272,95,1,1,2,54604,107,2,0,001,002,,2
P0273,4,P0273,95,1,1,2,0,107,2,0,001,001,,2
P0274,1,P0274,95,1,1,2,0,105,2,0,001,002,,2
P0275,1,P0275,95,1,1,2,0,107,2,0,001,002,,2
P0276,4,P0276,95,1,1,2,0,102,4,31,002,001,,1
P0277,1,P0277,95,1,1,2,18712,108,2,0,001,002,,2
P0278,1,P0278,95,1,1,2,11814,107,2,0,001,002,,2
P0279,6,P0279,95,1,1,2,0,101,2,0,003,003,,2
P0280,1,P0280,95,1,1,2,67861,107,2,0,001,002,,2
P0281,1,P0281,95,1,1,2,0,107,2,0,001,002,,2
P0282,1,P0282,95,1,1,2,0,107,2,0,001,002,,2
P0283,1,P0283,95,1,1,2,22101,107,2,0,001,002,,2
P0284,1,P0284,95,1,1,2,0,107,2,0,001,002,,1
P0285,1,P0285,95,1,1,2,17798,107,2,0,001,002,,2
P0286,1,P0286,95,1,1,2,0,107,2,0,001,002,,2
P0287,1,P0287,95,1,1,2,0,107,2,0,001,002,,2
P0288,1,P0288,31,2,2,2,182259,106,4,31,002,002,,2
P0289,1,P0289,95,1,1,2,33726,107,2,0,001,002,,2
P0290,1,P0290,95,1,1,2,38434,107,2,0,001,002,,2
P0291,1,P0291,95,1,1,2,0,108,2,0,001,002,,2
P0292,1,P0292,95,1,1,2,0,107,2,0,001,002,,2
P0293,1,P0293,95,1,1,2,0,104,2,0,001,002,,2
P0294,1,P0294,95,1,1,2,0,107,2,0,001,002,,2
P0295,1,P0295,95,1,1,2,5709,107,2,0,001,002,,2
P0296,1,P0296,95,1,1,2,0,107,2,0,001,002,,1
P0297,1,P0297,31,1,1,2,0,104,4,31,005,002,,2
P0298,1,P0298,95,1,1,2,0,108,2,0,001,002,,2
P0299,1,P0299,95,1,1,2,0,107,2,0,001,002,,1
P0300,1,P0300,95,1,1,2,0,107,2,0,001,002,,1
P0301,1,P0301,95,1,1,2,0,108,2,0,001,002,,2
P0302,1,P0302,95,1,1,2,0,107,2,0,001,002,,2
P0303,4,P0303,31,1,1,2,58729,105,4,31,002,001,,2
P0304,1,P0304,31,1,1,2,0,105,3,31,002,002,,2
P0305,1,P0305,95,1,1,2,0,107,2,0,001,002,,2
P0306,1,P0306,95,1,1,2,0,107,2,0,001,002,,1
P0307,1,P0307,95,1,1,2,0,107,2,0,001,002,,2
P0308,1,P0308,95,1,1,2,0,108,2,0,001,002,,2
P0309,1,P0309,95,1,1,2,0,102,2,0,001,002,,1
P0310,1,P0310,95,1,1,2,0,108,2,0,001,002,,2
P0311,1,P0311,20,1,1,2,84337,106,4,20,002,002,,2
P0312,1,P0312,95,1,1,2,14234,107,2,0,001,002,,2
P0313,1,P0313,95,1,1,2,0,104,2,0,001,002,,2
P0314,1,P0314,95,1,1,2,0,107,2,0,001,002,,1
P0315,1,P0315,95,1,1,2,11154,108,2,0,001,002,,2
P0316,1,P0316,31,1,1,2,0,104,4,0,002,002,,2
P0317,1,P0317,95,1,1,2,0,107,2,0,001,002,,1
P0318,6,P0318,95,1,1,2,0,107,2,0,001,003,,2
P0319,1,P0319,95,1,1,2,0,107,2,0,001,002,,2
P0320,1,P0320,95,1,1,2,0,107,2,0,001,002,,1
P0321,1,P0321,95,1,1,2,0,105,2,0,001,002,,1
P0322,1,P0322,95,1,1,2,0,107,2,0,001,002,,2
P0323,1,P0323,95,1,1,2,0,107,2,0,001,002,,2
P0324,1,P0324,95,1,1,2,0,108,2,0,001,002,,2
P0325,1,P0325,95,1,1,2,0,107,2,0,001,002,,2
P0326,1,P0326,95,1,1,2,0,108,2,0,001,002,,1
P0327,1,P0327,20,1,1,2,9713,104,4,31,002,002,,2
P0328,1,P0328,95,1,1,2,0,107,2,0,001,002,,2
P0329,1,P0329,95,1,1,2,0,102,4,31,002,001,,1
P0330,1,P0330,95,1,1,2,0,107,2,0,001,002,,1
P0331,1,P0331,95,1,1,2,0,103,2,0,002,001,,1
P0332,1,P0332,20,1,1,2,0,103,4,0,002,002,,1
P0333,4,P0333,31,1,1,2,42229,102,4,0,002,001,,2
P0334,1,P0334,95,1,1,2,0,107,2,0,001,002,,1
P0335,1,P0335,95,1,1,2,0,107,2,0,001,002,,1
P0336,1,P0336,95,1,1,2,0,105,2,0,001,002,,1
P0337,1,P0337,95,1,1,2,0,107,2,0,001,002,,1
P0338,1,P0338,95,1,1,2,22154,107,2,0,001,002,,2
P0339,1,P0339,95,1,1,2,0,107,2,0,001,002,,2
P0340,1,P0340,95,1,1,2,0,108,2,0,001,002,,1
P0341,1,P0341,31,1,1,2,0,104,4,31,002,002,,2
P0342,1,P0342,31,1,1,2,0,102,4,0,002,002,,2
P0343,1,P0343,95,1,1,2,0,107,2,0,001,002,,2
P0344,1,P0344,95,1,1,2,0,107,2,0,001,002,,2
P0345,1,P0345,20,1,1,2,156717,103,4,31,002,002,,2
P0346,1,P0346,95,1,1,2,44440,107,2,0,001,002,,2
P0347,1,P0347,95,1,1,2,0,107,2,0,001,002,,2
P0348,4,P0348,31,1,1,2,0,106,4,31,002,001,,2
P0349,1,P0349,95,1,1,2,0,107,2,0,001,002,,1
P0350,1,P0350,95,1,1,2,0,107,2,0,001,002,,2
P0351,1,P0351,31,1,1,2,0,104,4,31,002,002,,2
P0352,1,P0352,95,1,1,2,0,107,2,0,001,002,,2
P0353,1,P0353,95,1,1,2,0,107,2,0,001,002,,1
P0354,1,P0354,95,1,1,2,0,107,2,0,001,002,,2
P0355,1,P0355,95,1,1,2,0,107,2,0,001,002,,2
P0356,1,P0356,95,1,1,2,0,107,2,0,001,002,,1
P0357,1,P0357,95,1,1,2,0,107,2,0,001,002,,2
P0358,1,P0358,95,1,1,2,17314,107,2,0,001,002,,2
P0359,1,P0359,95,1,1,2,0,107,2,0,001,003,,2
P0360,1,P0360,95,1,1,2,0,107,2,0,001,002,,1
P0361,1,P0361,95,1,1,2,0,107,2,0,001,002,,2
P0362,1,P0362,95,1,1,2,6204,107,2,0,001,002,,2
P0363,1,P0363,95,1,1,2,0,107,2,0,001,002,,2
P0364,1,P0364,95,1,1,2,12705,107,2,0,001,002,,2
P0365,1,P0365,95,1,1,2,0,107,2,0,001,002,,2
P0366,1,P0366,95,1,1,2,429798,108,2,0,001,002,,2
P0367,1,P0367,95,1,1,2,0,107,2,0,001,002,,2
P0368,1,P0368,95,1,1,2,21395,107,2,0,001,002,,2
P0369,1,P0369,95,1,1,2,0,107,2,0,001,002,,1
P0370,1,P0370,95,1,1,2,0,105,2,0,001,002,,2
P0371,1,P0371,95,1,1,2,0,108,2,0,001,002,,1
P0372,1,P0372,95,1,1,2,9834,107,2,0,001,002,,2
P0373,4,P0373,95,1,1,2,0,102,4,0,002,001,,1
P0374,4,P0374,31,1,1,2,0,105,4,0,002,001,,2
P0375,1,P0375,95,1,1,2,0,107,2,0,001,002,,1
P0376,1,P0376,95,1,1,2,0,107,2,0,001,002,,1
P0377,1,P0377,95,1,1,2,0,107,2,0,001,002,,2
P0378,1,P0378,31,1,1,2,0,106,4,31,002,002,,2
P0379,1,P0379,95,1,1,2,0,107,2,0,001,002,,1
P0380,1,P0380,95,1,1,2,0,107,2,0,001,002,,2
P0381,1,P0381,95,1,1,2,0,108,2,0,001,002,,1
P0382,1,P0382,95,1,1,2,26928,107,2,0,001,002,,2
P0383,1,P0383,95,1,1,2,0,107,2,0,001,002,,1
P0384,1,P0384,95,1,1,2,0,108,2,0,001,002,,1
P0385,1,P0385,95,1,1,2,0,107,2,0,001,002,,2
P0386,1,P0386,95,1,1,2,0,107,2,0,001,002,,2
P0387,1,P0387,95,1,1,2,53933,107,2,0,001,002,,2
P0388,1,P0388,95,1,1,2,0,108,2,0,001,002,,1
P0389,1,P0389,95,1,1,2,0,108,2,0,001,002,,1
P0390,1,P0390,95,1,1,2,0,107,2,0,001,002,,2
P0391,4,P0391,95,1,1,2,0,107,2,0,001,001,,2
P0392,4,P0392,31,1,1,2,46632,104,4,31,002,001,,2
P0393,1,P0393,95,1,1,2,550,107,2,0,001,002,,2
P0394,4,P0394,95,1,1,2,0,107,4,0,001,001,,2
P0395,1,P0395,95,1,1,2,0,107,2,0,001,002,,2
P0396,1,P0396,95,1,1,2,0,107,2,0,001,002,,1
P0397,1,P0397,31,1,1,2,0,102,2,0,002,004,,2
P0398,1,P0398,95,1,1,2,0,107,2,0,001,002,,1
P0399,1,P0399,95,1,1,2,0,108,2,0,001,002,,2
P0400,1,P0400,95,1,1,2,0,107,2,0,001,002,,1
P0401,1,P0401,95,1,1,2,5852,107,2,0,001,002,,2
P0402,1,P0402,95,1,1,2,0,108,2,0,001,002,,2
P0403,1,P0403,95,1,1,2,0,107,2,0,001,002,,2
P0404,6,P0404,95,1,1,2,0,107,2,0,001,003,,2
P0405,1,P0405,95,1,1,2,0,107,2,0,001,002,,2
P0406,1,P0406,95,1,1,2,0,107,2,0,001,002,,2
P0407,1,P0407,95,1,1,2,0,107,2,0,001,002,,2
P0408,1,P0408,95,1,1,2,0,108,2,0,001,002,,2
P0409,1,P0409,95,1,1,2,0,104,2,0,001,002,,1
P0410,1,P0410,95,1,1,2,0,107,2,0,001,002,,2
P0411,1,P0411,95,1,1,2,0,107,2,0,001,002,,2
P0412,1,P0412,95,1,1,2,0,107,2,0,001,002,,1
P0413,1,P0413,95,1,1,2,-2365,107,2,0,001,002,,2
P0414,1,P0414,95,1,1,2,0,107,2,0,001,002,,2
P0415,1,P0415,95,1,1,2,0,107,2,0,001,002,,2
P0416,1,P0416,95,1,1,2,0,107,2,0,001,002,,1
P0417,1,P0417,95,1,1,2,0,107,2,0,001,002,,1
P0418,1,P0418,95,1,1,2,0,107,2,0,001,002,,2
P0419,1,P0419,95,1,1,2,0,107,2,0,001,002,,2
P0420,1,P0420,31,1,1,2,0,102,4,0,002,002,,2
P0421,1,P0421,95,1,1,2,0,107,2,0,001,002,,2
P0422,1,P0422,95,1,1,2,0,101,2,0,003,002,,2
P0423,1,P0423,95,1,1,2,0,102,4,0,002,002,,1
P0424,1,P0424,95,1,1,2,0,107,2,0,001,002,,1
P0425,1,P0425,95,1,1,2,0,108,2,0,001,002,,1
P0426,1,P0426,95,1,1,2,0,107,2,0,001,002,,2
P0427,4,P0427,31,1,2,3,13068,102,1,0,002,001,,2
P0428,1,P0428,95,1,1,2,0,108,2,0,001,002,,2
P0429,1,P0429,95,1,1,2,0,107,2,0,001,002,,2
P0430,1,P0430,95,1,1,2,0,108,2,0,001,002,,1
P0431,1,P0431,95,1,1,2,0,107,2,0,001,002,,1
P0432,1,P0432,95,1,1,2,0,107,2,0,001,002,,1
P0433,1,P0433,95,1,1,2,0,101,2,0,001,002,,2
P0434,1,P0434,95,1,1,2,0,108,2,0,001,002,,1
P0435,1,P0435,95,1,1,2,0,108,2,0,001,002,,1
P0436,1,P0436,31,1,1,2,0,102,4,0,002,002,,2
P0437,1,P0437,20,1,1,2,0,104,4,16,002,002,,2
P0438,1,P0438,95,1,1,2,0,108,2,0,001,002,,1
P0439,1,P0439,95,1,1,2,0,107,2,0,001,002,,2
P0440,4,P0440,20,1,1,2,50006,102,4,10,002,001,,2
P0441,1,P0441,95,1,1,2,0,108,2,0,001,002,,2
P0442,1,P0442,95,1,1,2,0,108,2,0,001,002,,2
P0443,1,P0443,95,1,1,2,0,104,2,0,001,002,,1
P0444,1,P0444,95,1,1,2,0,108,2,0,001,002,,1
P0445,1,P0445,95,1,1,2,0,108,2,0,001,002,,2
P0446,1,P0446,95,1,1,2,0,108,2,0,001,002,,1
P0447,1,P0447,95,1,1,2,0,108,2,0,001,002,,1
P0448,1,P0448,95,1,1,2,0,108,2,0,001,002,,1
P0449,6,P0449,95,1,1,2,0,107,2,0,001,003,,2
P0450,1,P0450,95,1,1,2,0,101,2,0,001,002,,2
P0451,1,P0451,95,1,1,2,0,107,2,0,001,002,,1
P0452,1,P0452,95,1,1,2,0,101,2,0,001,002,,2
P0453,1,P0453,95,1,1,2,0,107,2,0,001,002,,1
P0454,1,P0454,95,1,1,2,0,107,2,0,001,002,,1
P0455,1,P0455,95,1,1,2,39655,107,2,0,001,002,,2
P0456,1,P0456,31,1,1,2,28864,102,4,25,002,002,,2
P0457,1,P0457,95,1,1,2,0,108,2,0,001,002,,1
P0458,1,P0458,95,1,1,2,0,108,2,0,001,002,,1
P0459,1,P0459,95,1,1,2,0,107,2,0,001,002,,2
P0460,1,P0460,95,1,1,2,0,107,2,0,001,002,,2
P0461,1,P0461,95,1,1,2,0,102,4,31,002,002,,1
P0462,1,P0462,95,1,1,2,0,107,2,0,001,003,,2
P0463,1,P0463,95,1,1,2,0,107,2,0,001,002,,1
P0464,1,P0464,95,1,1,2,0,107,2,0,001,002,,2
P0465,1,P0465,95,1,1,2,0,107,2,0,001,002,,2
P0466,1,P0466,20,1,1,2,18040,105,4,0,002,002,,2
P0467,1,P0467,95,1,1,2,0,107,2,0,001,002,,1
P0468,1,P0468,95,1,1,2,0,107,2,0,001,002,,1
P0469,1,P0469,95,1,1,2,0,107,2,0,001,002,,1
P0470,1,P0470,95,1,1,2,0,107,2,0,001,002,,2
P0471,1,P0471,95,1,1,2,0,107,2,0,001,002,,1
P0472,1,P0472,95,1,1,2,0,108,2,0,001,002,,1
P0473,1,P0473,95,1,1,2,0,107,2,0,001,002,,2
P0474,1,P0474,95,1,1,2,0,107,2,0,001,002,,2
P0475,1,P0475,95,1,1,2,0,101,2,0,001,003,,1
P0476,1,P0476,95,1,1,2,0,107,2,0,001,002,,1
P0477,1,P0477,95,1,1,2,0,107,2,0,001,002,,1
P0478,1,P0478,95,1,1,2,0,108,2,0,001,002,,1
P0479,1,P0479,95,1,1,2,0,108,2,0,001,002,,1
P0480,1,P0480,95,1,1,2,0,107,2,0,001,002,,1
P0481,1,P0481,95,1,1,2,0,108,2,0,001,002,,1
P0482,1,P0482,95,1,1,2,0,107,2,0,001,002,,2
P0483,1,P0483,95,1,1,2,0,107,2,0,001,002,,1
P0484,1,P0484,95,1,1,2,0,107,2,0,001,002,,1
P0485,1,P0485,95,1,1,2,0,107,2,0,001,002,,1
P0486,1,P0486,95,1,1,2,0,107,2,0,001,002,,2
P0487,1,P0487,95,1,1,2,0,108,2,0,001,002,,1
P0488,1,P0488,95,1,1,2,0,107,2,0,001,002,,1
P0489,1,P0489,95,1,1,2,0,108,2,0,001,,,1
P0490,1,P0490,95,1,1,2,0,108,2,0,001,002,,1
P0491,1,P0491,95,1,1,2,0,107,2,0,001,002,,2
P0492,1,P0492,95,1,1,2,0,108,2,0,001,002,,2
P0493,1,P0493,95,1,1,2,0,108,2,0,001,002,,1
P0494,1,P0494,95,1,1,2,0,108,2,0,001,002,,1
P0495,1,P0495,95,1,1,2,0,108,2,0,001,002,,1
P0496,1,P0496,95,1,1,2,0,107,2,0,001,002,,2
P0497,4,P0497,95,1,1,2,0,107,2,0,001,001,,2
P0498,1,P0498,95,1,1,2,0,108,2,0,001,002,,1
P0499,1,P0499,95,1,1,2,0,107,2,0,001,002,,2
P0500,1,P0500,95,1,1,2,0,107,2,0,001,002,,1
P0501,1,P0501,95,1,1,2,0,107,2,0,001,002,,2
P0502,1,P0502,95,1,1,2,0,107,2,0,001,002,,1
P0503,1,P0503,95,1,1,2,0,108,2,0,001,002,,2
P0504,1,P0504,95,1,1,2,0,107,2,0,001,002,,1
P0505,1,P0505,95,1,1,2,0,107,2,0,001,002,,1
P0506,1,P0506,95,1,1,2,0,108,2,0,001,002,,1
P0507,1,P0507,95,1,1,2,0,107,2,0,001,002,,1
P0508,1,P0508,95,1,1,2,0,107,2,0,001,002,,2
P0509,1,P0509,95,1,1,2,0,107,2,0,001,002,,2
P0510,4,P0510,95,1,1,2,0,105,4,30,002,001,,1
P0511,1,P0511,95,1,1,2,0,108,2,0,001,002,,2
P0512,1,P0512,95,1,1,2,0,107,2,0,001,002,,2
P0513,1,P0513,95,1,1,2,0,000,2,0,002,004,,2
P0515,1,P0515,95,1,1,2,0,101,2,0,001,002,,2
P0516,1,P0516,95,1,1,2,0,107,2,0,001,002,,2
P0517,1,P0517,95,1,1,2,0,108,2,0,001,002,,1
P0518,1,P0518,31,1,1,2,78958,104,4,31,002,002,,2
P0519,1,P0519,95,1,1,2,0,107,2,0,001,002,,2
P0520,1,P0520,95,1,1,2,0,107,2,0,001,002,,1
P0521,1,P0521,95,1,1,2,0,104,4,0,002,002,,1
P0522,1,P0522,95,1,1,2,0,107,2,0,001,002,,1
P0523,1,P0523,31,1,1,2,24090,102,3,10,002,002,,2
P0524,1,P0524,95,1,1,2,0,107,2,0,001,002,,1
P0525,1,P0525,95,1,1,2,60940,107,2,0,001,002,,2
P0526,4,P0526,31,1,1,2,9216,102,4,0,002,001,,2
P0527,4,P0527,20,1,1,2,0,102,2,0,002,001,,2
P0528,1,P0528,95,1,1,2,14916,107,2,0,001,002,,2
P0529,1,P0529,95,1,1,2,0,107,2,0,001,002,,2
P0530,1,P0530,95,1,1,2,42691,107,2,0,001,002,,2
P0531,1,P0531,95,1,1,2,0,107,2,0,001,002,,2
P0532,1,P0532,95,1,1,2,0,107,2,0,001,002,,1
P0533,1,P0533,95,1,1,2,0,107,2,0,001,002,,1
P0534,1,P0534,95,1,1,2,80355,107,2,0,001,002,,2
P0535,1,P0535,95,1,1,2,0,107,2,0,001,002,,1
P0536,1,P0536,95,1,1,2,0,107,2,0,001,003,,2
P0537,1,P0537,95,1,1,2,0,107,2,0,001,002,,2
P0538,1,P0538,95,1,1,2,0,107,2,0,001,002,,2
P0539,1,P0539,95,1,1,2,0,107,2,0,001,002,,2
P0540,1,P0540,95,1,1,2,0,107,2,0,005,002,,2
P0541,1,P0541,95,1,1,2,0,107,2,0,001,002,,2
P0542,1,P0542,31,1,1,2,0,102,3,10,002,002,,2
P0543,1,P0543,95,1,1,2,95997,107,2,0,001,002,,2
P0544,1,P0544,95,1,1,2,0,107,2,0,001,002,,1
P0545,1,P0545,95,1,1,2,0,107,2,0,001,002,,2
P0546,1,P0546,95,1,1,2,0,107,2,0,001,002,,1
P0547,1,P0547,95,1,1,2,0,107,2,0,001,002,,1
P0548,1,P0548,95,1,1,2,0,107,2,0,001,002,,1
P0549,1,P0549,95,1,1,2,0,107,2,0,001,002,,1
P0550,1,P0550,95,1,1,2,0,107,2,0,001,002,,2
P0551,1,P0551,95,1,1,2,0,107,2,0,001,003,,2
P0552,1,P0552,95,1,1,2,0,107,2,0,001,002,,1
P0553,1,P0553,95,1,1,2,0,107,2,0,001,002,,1
P0554,1,P0554,95,1,1,2,73183,107,2,0,001,002,,2
P0555,1,P0555,95,1,1,2,0,107,2,0,001,002,,1
P0556,1,P0556,95,1,1,2,0,107,2,0,001,002,,2
P0557,1,P0557,95,1,1,2,0,107,2,0,001,002,,2
P0558,1,P0558,95,1,1,2,0,107,2,0,001,002,,2
P0559,1,P0559,95,1,1,2,0,107,2,0,001,002,,2
P0560,1,P0560,95,1,1,2,0,107,2,0,001,002,,2
P0561,1,P0561,95,1,1,2,0,107,2,0,001,002,,2
P0562,1,P0562,95,1,1,2,0,107,2,0,001,002,,2
P0563,1,P0563,95,1,1,2,17431,107,2,0,001,002,,2
P0564,1,P0564,95,1,1,2,0,107,2,0,001,002,,1
P0565,1,P0565,95,1,1,2,31504,107,2,0,001,002,,2
P0566,4,P0566,31,1,1,2,0,102,2,0,002,001,,2
P0567,1,P0567,95,1,1,2,0,107,2,0,001,002,,2
P0568,1,P0568,95,1,1,2,11946,107,2,0,001,002,,2
P0569,1,P0569,95,1,1,2,0,107,2,0,001,002,,1
P0570,1,P0570,95,1,1,2,0,107,2,0,001,002,,2
P0571,1,P0571,95,1,1,2,117997,107,2,0,001,002,,2
P0572,1,P0572,95,1,1,2,34771,107,2,0,001,002,,2
P0573,1,P0573,95,1,1,2,66165,107,2,0,001,002,,2
P0574,1,P0574,95,1,1,2,0,107,2,0,001,002,,2
P0575,1,P0575,95,1,1,2,0,107,2,0,001,002,,2
P0576,1,P0576,95,1,1,2,0,107,2,0,001,002,,1
P0577,1,P0577,95,1,1,2,0,107,2,0,005,002,,2
P0578,1,P0578,95,1,1,2,0,107,2,0,001,002,,1
P0579,1,P0579,95,1,1,2,0,107,2,0,001,002,,2
P0580,1,P0580,95,1,1,2,0,107,2,0,001,002,,2
P0581,1,P0581,95,1,1,2,0,107,2,0,001,002,,2
P0582,1,P0582,95,1,1,2,0,107,2,0,001,002,,2
P0583,1,P0583,95,1,1,2,0,101,2,0,003,002,,2
P0584,1,P0584,95,1,1,2,0,107,2,0,001,002,,2
P0585,1,P0585,31,1,1,2,0,104,3,10,005,002,,2
P0586,1,P0586,95,1,1,2,229614,107,2,0,001,002,,2
P0587,1,P0587,95,1,1,2,0,107,2,0,001,002,,2
P0588,1,P0588,95,1,1,2,10539,107,2,0,001,002,,2
P0589,1,P0589,31,1,1,2,0,106,4,10,002,002,,2
P0590,1,P0590,95,1,1,2,7920,107,2,0,001,002,,2
P0591,1,P0591,95,1,1,2,0,107,2,0,001,002,,2
P0592,1,P0592,95,1,1,2,0,107,2,0,001,002,,2
P0593,4,P0593,95,1,1,2,0,104,2,0,005,001,,2
P0594,1,P0594,95,1,1,2,32602,107,2,0,001,002,,2
P0595,1,P0595,95,1,1,2,0,107,2,0,001,002,,2
P0596,1,P0596,95,1,1,2,0,107,2,0,001,002,,2
P0597,1,P0597,95,1,1,2,190273,107,2,0,001,002,,2
P0598,1,P0598,95,1,1,2,0,107,2,0,001,002,,2
P0599,1,P0599,95,1,1,2,12018,107,2,0,001,002,,2
P0600,1,P0600,95,1,1,2,0,107,2,0,001,002,,1
P0601,1,P0601,95,1,1,2,61182,107,2,0,001,002,,2
P0602,1,P0602,31,1,1,2,111661,102,4,31,002,002,,2
P0603,1,P0603,95,1,1,2,0,107,2,0,001,002,,2
P0604,1,P0604,31,1,1,2,0,102,3,10,002,002,,2
P0605,1,P0605,95,1,1,2,0,107,2,0,001,002,,2
P0606,1,P0606,95,1,1,2,0,107,2,0,001,002,,1
P0607,1,P0607,95,1,1,2,0,107,2,0,001,002,,2
P0608,1,P0608,95,1,1,2,0,107,2,0,001,002,,2
P0609,1,P0609,95,1,1,2,17648,107,2,0,001,002,,2
P0610,1,P0610,95,1,1,2,0,107,2,0,001,002,,1
P0611,1,P0611,95,1,1,2,0,107,2,0,001,002,,2
P0612,1,P0612,95,1,1,2,0,107,2,0,001,002,,2
P0613,1,P0613,95,1,1,2,0,107,2,0,001,002,,1
P0614,1,P0614,95,1,1,2,0,107,2,0,001,003,,2
P0615,1,P0615,95,1,1,2,0,107,2,0,001,002,,2
P0616,1,P0616,95,1,1,2,0,107,2,0,001,002,,1
P0617,1,P0617,20,1,1,2,0,102,4,10,002,002,,1
P0618,1,P0618,95,1,1,2,0,107,2,0,001,002,,1
P0619,1,P0619,95,1,1,2,0,107,2,0,001,002,,2
P0620,1,P0620,95,1,1,2,0,107,2,0,001,002,,2
P0621,1,P0621,95,1,1,2,0,107,2,0,001,002,,2
P0622,1,P0622,95,1,1,2,0,107,2,0,001,002,,2
P0623,4,P0623,95,1,1,2,3685,107,2,0,001,001,,2
P0624,1,P0624,95,1,1,2,0,107,2,0,001,002,,2
P0625,1,P0625,95,1,1,2,0,107,2,0,001,002,,1
P0626,1,P0626,95,1,1,2,0,107,2,0,001,002,,2
P0627,1,P0627,95,1,1,2,0,107,2,0,001,002,,2
P0628,1,P0628,95,1,1,2,0,107,2,0,001,002,,1
P0629,6,P0629,95,1,1,2,0,107,2,0,001,003,,2
P0630,1,P0630,20,1,1,2,0,104,4,31,002,002,,2
P0631,6,P0631,95,1,1,2,0,107,2,0,001,003,,2
P0632,1,P0632,95,1,1,2,0,107,2,0,001,002,,1
P0633,6,P0633,95,1,1,2,0,107,2,0,001,003,,2
P0634,1,P0634,95,1,1,2,0,107,2,0,001,002,,2
P0635,1,P0635,95,1,1,2,0,107,2,0,001,002,,2
P0636,4,P0636,20,1,1,2,0,102,4,20,002,001,,2
P0637,4,p0637,20,1,1,2,0,102,4,20,002,001,,1
P0638,4,p0638,20,1,1,2,0,102,4,0,002,001,,1
P0639,1,P0639,95,1,1,2,0,107,2,0,001,002,,2
P0640,1,P0640,95,1,1,2,0,107,2,0,001,002,,1
P0641,1,p0641,95,1,1,2,0,107,2,0,001,002,,2
P0642,1,p0642,95,1,1,2,0,107,2,0,001,002,,2
P0643,1,p0643,95,1,1,2,74591,107,2,0,001,002,,2
P0644,1,p0644,95,1,1,2,18833,107,2,0,001,002,,2
P0645,1,P0645,31,1,1,2,343196,104,4,31,002,002,,2
P0646,1,P0646,95,1,1,2,0,107,2,0,001,002,,1
P0647,1,P0647,95,1,1,2,0,107,2,0,001,002,,2
P0648,1,P0648,95,1,1,2,0,107,2,0,001,002,,2
P0649,1,P0649,95,1,1,2,0,107,2,0,001,002,,1
P0650,1,P0650,31,1,1,2,50754,102,3,10,002,002,,2
P0651,1,P0651,31,1,1,2,43945,102,3,10,002,002,,2
P0652,1,P0652,95,1,1,2,0,107,2,0,001,002,,1
P0653,1,p0653,95,1,1,2,0,107,2,0,001,002,,2
P0654,1,P0654,95,1,1,2,35310,107,2,0,001,002,,2
P0655,1,P0655,20,1,1,2,86427,102,4,10,002,002,,2
P0656,1,P0656,95,1,1,2,197769,107,2,0,001,002,,2
P0657,1,P0657,95,1,1,2,0,107,2,0,001,002,,2
P0658,1,P0658,95,1,1,2,0,107,2,0,001,002,,2
P0659,1,P0659,95,1,1,2,0,107,2,0,001,002,,2
P0660,1,P0660,95,1,1,2,0,107,2,0,003,002,,2
P0661,1,p0661,95,1,1,2,24200,107,2,0,001,002,,2
P0662,1,p0662,95,1,1,2,13310,107,2,0,001,002,,2
P0663,1,P0663,95,1,1,2,61380,107,2,0,001,002,,2
P0664,1,P0664,95,1,1,2,0,107,2,0,001,002,,2
P0665,1,P0665,95,1,1,2,32373,107,2,0,001,002,,2
P0666,1,P0666,95,1,1,2,0,107,2,0,001,002,,1
P0667,1,P0667,95,1,1,2,0,107,2,0,001,002,,2
P0668,1,P0668,95,1,1,2,0,101,2,0,001,002,,2
P0669,1,P0669,95,1,1,2,0,107,2,0,001,002,,1
P0670,1,P0670,95,1,1,2,5379,107,2,0,001,002,,2
P0671,4,P0671,31,1,1,2,85140,102,4,31,002,001,,2
P0672,1,P0672,95,1,1,2,0,107,2,0,001,002,,2
P0673,1,P0673,95,1,1,2,44220,107,2,0,001,002,,2
P0674,1,P0674,95,1,1,2,0,107,2,0,001,002,,2
P0675,1,P0675,31,1,1,2,0,105,4,10,002,002,,2
P0676,1,P0676,95,1,1,2,0,107,2,0,001,002,,2
P0677,1,P0677,95,1,1,2,0,107,2,0,003,002,,2
P0678,1,P0678,95,1,1,2,0,107,2,0,001,002,,1
P0679,1,P0679,95,1,1,2,0,107,2,0,001,002,,2
P0680,1,P0680,95,1,1,2,0,107,2,0,001,002,,2
P0681,1,P0681,95,1,1,2,0,107,2,0,001,002,,2
P0682,1,P0682,95,1,1,2,0,107,2,0,001,002,,2
P0683,4,P0683,95,1,1,2,0,107,4,0,001,001,,1
P0684,4,P0684,95,1,1,2,0,107,2,0,001,001,,2
P0685,1,P0685,95,1,1,2,0,107,2,0,001,002,,2
P0686,1,P0686,95,1,1,2,4004,107,2,0,001,002,,2
P0687,4,P0687,31,1,1,2,0,102,4,31,002,001,,2
P0688,6,P0688,95,1,1,2,0,107,2,0,001,003,,2
P0689,1,P0689,31,1,1,2,0,102,4,25,002,002,,2
P0690,1,P0690,95,1,1,2,0,107,2,0,005,002,,2
P0691,4,P0691,95,1,1,2,0,102,4,31,002,001,,1
P0692,1,P0692,95,1,1,2,0,107,2,0,001,002,,1
P0693,1,P0693,95,1,1,2,0,107,2,0,001,002,,2
P0694,1,P0694,95,1,1,2,64174,107,2,0,001,002,,2
P0695,1,P0695,95,1,1,2,0,107,2,0,001,002,,2
P0696,1,P0696,95,1,1,2,0,107,2,0,001,002,,2
P0697,1,P0697,95,1,1,2,0,107,2,0,001,002,,2
P0698,1,P0698,95,1,1,2,0,107,2,0,001,002,,2
P0699,1,P0699,95,1,1,2,14564,107,2,0,001,002,,2
P0700,4,P0700,31,1,1,2,0,102,2,0,002,001,,2
P0701,4,P0701,95,1,1,2,0,107,2,0,001,001,,2
P0702,1,P0702,95,1,1,2,0,107,2,0,001,002,,2
P0703,1,P0703,31,1,1,2,0,102,4,31,002,002,,2
P0704,1,P0704,95,1,1,2,0,107,2,0,001,002,,2
P0705,1,P0705,95,1,1,2,0,107,2,0,001,002,,2
P0706,1,P0706,95,1,1,2,0,107,2,0,001,002,,2
P0707,1,P0707,95,1,1,2,42064,107,2,0,001,002,,2
P0708,1,P0708,95,1,1,2,0,107,2,0,001,002,,2
P0709,1,P0709,95,1,1,2,57545,107,2,0,001,002,,2
P0710,1,P0710,95,1,1,2,0,107,2,0,001,002,,2
P0711,1,P0711,95,1,1,2,0,107,2,0,001,002,,2
P0712,1,P0712,95,1,1,2,0,107,2,0,001,002,,2
P0713,1,P0713,95,1,1,2,0,107,2,0,001,002,,2
P0714,1,P0714,95,1,1,2,0,107,2,0,001,002,,2
P0715,4,P0715,31,1,1,2,172381,102,4,31,002,001,,2
P0716,1,P0716,95,1,1,2,0,107,2,0,001,002,,2
P0717,1,P0717,95,1,1,2,0,107,2,0,001,002,,1
P0718,1,P0718,95,1,1,2,0,107,2,0,001,002,,2
P0719,1,P0719,95,1,1,2,278395,107,2,0,001,002,,2
P0720,1,P0720,95,1,1,2,0,107,2,0,001,002,,2
P0721,1,P0721,95,1,1,2,0,107,2,0,001,002,,1
P0723,1,P0723,95,1,1,2,0,107,2,0,001,002,,1
P0724,1,P0724,95,1,1,2,0,107,2,0,001,002,,1
P0725,1,P0725,95,1,1,2,0,107,2,0,005,002,,2
P0726,1,P0726,95,1,1,2,0,107,2,0,001,002,,2
P0727,1,P0727,95,1,1,2,0,107,2,0,001,002,,2
P0728,1,P0728,95,1,1,2,0,107,2,0,001,002,,2
P0729,1,P0729,31,1,1,2,48444,102,3,10,002,002,,2
P0730,1,P0730,95,1,1,2,181984,107,2,0,001,002,,2
P0731,1,P0731,95,1,1,2,0,107,2,0,001,002,,2
P0732,1,P0732,95,1,1,2,0,107,2,0,001,002,,2
P0733,1,P0733,95,2,2,2,0,104,4,31,002,002,,2
P0734,1,P0734,95,1,1,2,0,107,2,0,001,002,,2
P0735,1,P0735,31,1,1,2,0,104,4,31,002,002,,2
P0736,1,P0736,95,1,1,2,0,107,2,0,001,002,,2
P0737,1,P0737,95,1,1,2,0,107,2,0,001,002,,2
P0738,1,P0738,95,1,1,2,0,107,2,0,005,002,,2
P0739,1,P0739,95,1,1,2,20251,107,2,0,001,002,,2
P0740,1,P0740,95,1,1,2,0,107,2,0,001,002,,2
P0741,1,P0741,95,1,1,2,0,107,2,0,001,002,,2
P0742,1,P0742,95,1,1,2,23815,107,2,0,001,002,,2
P0743,1,P0743,31,1,1,2,0,102,4,31,005,002,,2
P0744,1,P0744,20,1,1,2,35090,104,4,31,002,002,,2
P0745,1,P0745,95,1,1,2,0,107,2,0,001,002,,2
P0746,1,P0746,95,1,1,2,0,107,2,0,001,002,,2
P0747,1,P0747,31,1,1,2,0,104,4,31,002,002,,2
P0748,1,P0748,95,1,1,2,0,107,2,0,001,002,,2
P0749,1,P0749,95,1,1,2,0,107,2,0,001,002,,2
P0750,1,P0750,31,2,2,3,19744,104,4,30,002,002,,2
P0751,1,P0751,95,1,1,2,0,107,2,0,001,002,,2
P0752,1,P0752,95,1,1,2,0,107,2,0,001,002,,2
P0753,1,P0753,95,1,1,2,0,107,2,0,001,002,,2
P0754,1,P0754,95,1,1,2,0,107,2,0,001,002,,1
P0755,1,P0755,95,1,1,2,0,107,2,0,001,002,,2
P0756,6,P0756,95,1,1,2,0,101,2,0,001,003,,2
P0757,1,P0757,95,1,1,2,0,107,2,0,001,002,,2
P0758,1,P0758,31,1,1,2,77715,102,3,10,002,002,,2
P0759,1,P0759,95,1,1,2,0,107,2,0,001,002,,2
P0760,4,P0760,31,2,2,1,282360,104,4,31,002,001,,2
P0761,1,P0761,31,1,1,2,0,104,4,27,002,002,,2
P0762,1,P0762,95,1,1,2,-1617,107,2,0,005,002,,2
P0763,1,P0763,95,1,1,2,0,107,2,0,001,002,,2
P0764,4,P0764,20,1,1,2,0,102,4,5,002,001,,2
P0765,1,P0765,95,1,1,2,0,107,2,0,005,002,,2
P0766,1,P0766,95,1,1,2,102443,107,2,0,001,002,,2
P0767,1,P0767,95,1,1,2,0,107,2,0,001,002,,2
P0768,1,P0768,95,1,1,2,0,107,2,0,001,002,,2
P0769,4,P0769,95,1,1,2,0,107,2,0,001,001,,2
P0770,1,P0770,95,1,1,2,0,107,2,0,001,002,,2
P0771,1,P0771,95,1,1,2,0,107,2,0,005,002,,2
P0772,1,P0772,95,1,1,2,95349,107,2,0,001,002,,2
P0773,4,P0773,95,1,1,2,0,102,4,31,005,001,,1
P0774,1,P0774,95,1,1,2,0,107,2,0,001,002,,2
P0775,1,P0775,95,1,1,2,0,107,2,0,001,002,,2
P0776,1,P0776,95,1,1,2,0,107,2,0,001,002,,2
P0777,1,P0777,95,1,1,2,0,107,2,0,001,002,,2
P0778,1,P0778,31,1,1,2,256509,102,3,10,002,002,,2
P0779,1,P0779,95,1,1,2,0,107,2,0,001,002,,2
P0780,1,P0780,31,1,1,2,90090,104,4,31,002,002,,2
P0781,1,P0781,95,1,1,2,0,107,2,0,001,002,,2
P0782,1,P0782,95,1,1,2,172987,107,2,0,001,002,,2
P0783,1,P0783,95,1,1,2,1,201,4,30,002,001,,2
P0784,1,P0784,31,1,1,2,0,104,4,31,002,002,,2
P0785,1,P0785,95,1,1,2,0,107,2,0,001,002,,2
P0786,1,P0786,95,1,1,2,0,107,2,0,001,002,,2
P0787,1,P0787,95,1,1,2,0,107,2,0,001,002,,2
P0788,1,P0788,95,1,1,2,12733,107,2,0,001,002,,2
P0789,1,P0789,95,1,1,2,0,107,2,0,001,002,,2
P0790,1,P0790,31,1,1,2,14482,104,4,25,002,002,,2
P0791,1,P0791,95,1,1,2,0,107,2,0,001,002,,2
P0792,1,P0792,95,1,1,2,0,107,2,0,001,002,,2
P0793,1,P0793,95,1,1,2,0,107,2,0,005,002,,2
P0794,1,P0794,95,1,1,2,97515,107,2,0,001,002,,2
P0795,4,P0795,95,1,1,2,0,107,2,0,001,001,,2
P0796,1,P0796,95,1,1,2,0,107,2,0,001,002,,2
P0797,1,P0797,31,1,1,2,0,104,4,31,002,002,,2
P0798,1,P0798,95,1,1,2,0,107,2,0,001,002,,2
P0799,1,P0799,95,1,1,2,0,107,2,0,001,002,,2
P0800,1,P0800,95,1,1,2,0,107,2,0,001,002,,2
P0801,4,P0801,31,1,1,2,68453,106,4,20,002,001,,2
P0802,1,P0802,95,1,1,2,0,107,2,0,001,002,,2
P0803,1,P0803,95,1,1,2,0,107,2,0,001,002,,2
P0804,1,P0804,31,1,1,2,0,104,4,25,002,002,,2
P0805,1,P0805,95,1,1,2,0,107,2,0,001,002,,2
P0806,1,P0806,95,1,1,2,19041,107,2,0,001,002,,2
P0807,1,P0807,95,1,1,2,108020,107,2,0,001,002,,2
P0808,1,P0808,95,1,1,2,0,107,2,0,001,002,,2
P0809,1,P0809,95,1,1,2,0,107,2,0,001,002,,2
P0810,1,P0810,95,1,1,2,0,107,2,0,001,002,,1
P0811,1,P0811,31,1,1,2,0,102,3,10,002,002,,2
P0812,1,P0812,95,1,1,2,0,107,2,0,001,002,,2
P0813,1,P0813,95,1,1,2,0,107,2,0,001,002,,2
P0814,1,P0814,95,1,1,2,0,107,2,0,001,002,,2
P0815,1,P0815,31,1,1,2,0,102,3,10,002,002,,2
P0816,1,P0816,31,1,1,2,0,102,3,10,002,002,,2
P0817,1,P0817,95,1,1,2,0,107,2,0,001,002,,2
P0818,1,P0818,95,1,1,2,0,107,2,0,001,002,,2
P0819,1,P0819,95,1,1,2,0,107,2,0,001,002,,2
P0820,4,P0820,31,1,1,2,741686,107,2,0,002,001,,2
P0821,1,P0821,95,1,1,2,0,107,2,0,001,002,,2
P0822,4,P0822,95,1,1,2,0,107,2,0,001,001,,2
P0823,1,P0823,95,1,1,2,0,107,2,0,001,002,,2
P0824,1,P0824,95,1,1,2,107426,107,2,0,001,002,,2
P0825,1,P0825,95,1,1,2,123368,107,2,0,001,002,,2
P0826,1,P0826,31,1,1,2,71742,102,3,10,002,002,,2
P0827,1,P0827,95,1,1,2,0,107,2,0,005,002,,2
P0828,1,P0828,95,1,1,2,0,107,2,0,001,002,,2
P0829,1,P0829,95,1,1,2,0,107,2,0,001,002,,2
P0830,1,P0830,95,1,1,2,18051,107,2,0,001,002,,2
P0831,1,P0831,31,1,1,2,0,102,3,10,002,002,,2
P0832,1,P0832,95,1,1,2,0,107,2,0,003,002,,2
P0833,1,P0833,95,1,1,2,0,107,2,0,001,002,,2
P0834,1,P0834,95,1,1,2,117876,107,2,0,001,002,,2
P0835,1,P0835,95,1,1,2,0,107,2,0,001,002,,2
P0836,1,P0836,95,1,1,2,27742,107,2,0,001,002,,2
P0837,1,P0837,95,1,1,2,38973,107,2,0,001,002,,2
P0838,1,P0838,95,1,1,2,6853,107,2,0,001,002,,2
P0839,1,P0839,95,1,1,2,0,107,2,0,001,002,,2
P0840,1,P0840,95,1,1,2,0,107,2,0,001,002,,2
P0841,1,P0841,95,1,1,2,0,107,2,0,001,002,,2
P0842,1,P0842,95,1,1,2,0,107,2,0,001,002,,2
P0843,1,P0843,95,1,1,2,0,107,2,0,001,002,,2
P0844,6,P0844,95,1,1,2,0,107,2,0,001,003,,2
P0845,1,P0845,95,1,1,2,31680,107,2,0,001,002,,2
P0846,1,P0846,95,1,1,2,18381,107,2,0,001,002,,2
P0847,1,P0847,95,1,1,2,0,107,2,0,001,002,,2
P0848,1,P0848,95,1,1,2,57739,107,2,0,001,002,,2
P0849,1,P0849,95,1,1,2,0,107,2,0,005,002,,2
P0850,1,P0850,95,1,1,2,4444,107,2,0,001,002,,2
P0851,1,P0851,95,1,1,2,0,107,2,0,001,002,,2
P0852,1,P0852,95,1,1,2,42565,107,2,0,001,002,,2
P0853,1,P0853,95,1,1,2,0,107,2,0,001,002,,2
P0854,1,P0854,95,1,1,2,0,107,2,0,001,002,,2
P0855,1,P0855,95,1,1,2,0,107,2,0,001,002,,2
P0856,1,P0856,95,1,1,2,0,107,2,0,001,002,,2
P0857,1,P0857,95,1,1,2,760078,107,2,0,001,002,,2
P0858,1,P0858,95,1,1,2,213565,107,2,0,001,002,,2
P0859,1,P0859,95,1,1,2,47960,107,2,0,001,002,,2
P0860,1,P0860,95,1,1,2,86491,107,2,0,001,002,,2
P0861,1,P0861,95,1,1,2,0,107,2,0,001,002,,2
P0862,1,P0862,95,1,1,2,0,107,2,0,001,002,,2
P0863,1,P0863,95,1,1,2,559394,107,2,0,001,002,,2
P0864,1,P0864,95,1,1,2,0,107,2,0,001,002,,1
P0865,1,P0865,95,1,1,2,0,107,2,0,001,002,,2
P0866,1,P0866,95,1,1,2,41690,107,2,0,001,002,,2
P0867,1,P0867,31,1,1,2,57844,102,4,31,002,002,,2
P0868,1,P0868,95,1,1,2,1375,107,2,0,001,002,,2
P0869,1,P0869,95,1,1,2,0,107,2,0,001,002,,2
P0870,1,P0870,95,1,1,2,0,107,2,0,001,002,,2
P0871,1,P0871,31,1,1,2,399423,104,4,31,002,002,,2
P0872,1,P0872,95,1,1,2,0,107,2,0,001,002,,2
P0873,1,P0873,31,1,1,2,11990,102,3,10,002,002,,2
P0874,1,P0874,95,1,1,2,0,107,2,0,001,002,,2
P0875,1,P0875,95,1,1,2,0,107,2,0,001,002,,2
P0876,4,P0876,95,1,1,2,74657,107,2,0,001,001,,2
P0877,1,P0877,95,1,1,2,0,105,2,0,001,002,,2
P0878,1,P0878,95,1,1,2,0,107,2,0,001,002,,2
P0879,1,P0879,95,1,1,2,0,107,2,0,001,002,,2
P0880,1,P0880,95,1,1,2,10615,107,2,0,001,002,,2
P0881,1,P0881,95,1,1,2,0,107,2,0,001,002,,2
P0882,1,P0882,95,1,1,2,0,107,2,0,001,002,,2
P0883,1,P0883,95,1,1,2,0,107,2,0,001,002,,2
P0884,1,P0884,95,1,1,2,27214,107,2,0,001,002,,2
P0885,1,P0885,95,1,1,2,0,107,2,0,001,002,,2
P0886,1,P0886,95,1,1,2,0,107,2,0,001,002,,2
P0887,4,P0887,31,1,1,2,170742,102,4,31,002,001,,2
P0888,1,P0888,95,1,1,2,6468,107,2,0,005,002,,2
P0889,1,P0889,31,1,1,2,55231,102,3,10,002,002,,2
P0890,1,P0890,95,1,1,2,0,107,2,0,001,002,,2
P0891,1,P0891,95,1,1,2,32984,107,2,0,001,002,,2
P0892,1,P0892,00,1,1,2,0,000,2,0,,,,2
P0893,1,P0893,95,1,1,2,0,107,2,0,001,002,,2
P0894,1,P0894,31,1,1,2,13860,102,1,20,002,002,,2
P0895,1,P0895,95,1,1,2,0,107,2,0,001,002,,2
P0896,1,P0896,95,1,1,2,50622,107,2,0,001,002,,2
P0897,1,P0897,95,1,1,2,24497,107,2,0,001,002,,2
P0898,1,P0898,95,1,1,2,0,107,2,0,001,002,,2
P0899,1,P0899,95,1,1,2,96569,107,2,0,001,002,,2
P0900,1,P0900,31,2,2,3,7194,104,4,31,002,002,,2
P0901,1,P0901,95,1,1,2,0,107,2,0,005,002,,2
P0902,1,P0902,95,1,1,2,0,107,2,0,001,002,,2
P0903,1,P0903,95,1,1,2,16269,107,2,0,001,002,,2
P0904,1,P0904,95,1,1,2,24673,107,2,0,001,002,,2
P0905,1,P0905,95,1,1,2,0,107,2,0,001,002,,2
P0906,1,P0906,95,1,1,2,0,107,2,0,001,002,,2
P0907,1,P0907,31,1,1,2,95260,107,4,0,002,002,,2
P0908,1,P0908,95,1,1,2,120802,107,2,0,001,002,,2
P0909,1,P0909,95,1,1,2,17754,107,2,0,001,002,,2
P0910,1,P0910,95,1,1,2,0,107,2,0,001,002,,2
P0911,1,P0911,95,1,1,2,0,107,2,0,001,002,,2
P0912,1,P0912,31,1,1,2,451052,104,4,31,002,002,,2
P0913,1,P0913,95,1,1,2,0,107,2,0,001,002,,2
P0914,1,P0914,95,1,1,2,0,107,2,0,005,002,,2
P0915,1,P0915,95,1,1,2,0,107,2,0,001,002,,2
P0916,1,P0916,95,1,1,2,70950,107,2,0,001,002,,2
P0917,1,P0917,95,1,1,2,500,107,2,0,005,002,,2
P0918,1,P0918,95,1,1,2,0,107,2,0,001,002,,2
P0919,1,P0919,95,1,1,2,50468,107,2,0,001,002,,2
P0920,1,P0920,95,1,1,2,339198,107,2,0,001,002,,2
P0921,1,P0921,95,1,1,2,667854,107,2,0,001,002,,2
P0922,1,P0922,95,1,1,2,214308,107,2,0,001,002,,2
P0923,1,P0923,95,1,1,2,78815,107,2,0,001,002,,2
P0924,1,P0924,95,1,1,2,16720,107,2,0,001,002,,2
P0925,1,P0925,95,1,1,2,0,107,2,0,001,002,,2
P0926,1,P0926,95,1,1,2,0,107,2,0,001,002,,2
P0927,1,P0927,95,1,1,2,0,107,2,0,001,002,,1
P0928,1,P0928,95,1,1,2,48334,107,2,0,001,002,,2
P0929,1,P0929,95,1,1,2,0,107,2,0,005,002,,2
P0930,1,P0930,31,1,1,2,15499,102,3,10,002,002,,2
P0931,1,P0931,95,1,1,2,0,107,2,0,001,002,,1
P0932,1,P0932,95,1,1,2,0,107,2,0,001,002,,2
P0933,1,P0933,31,1,1,2,20405,102,3,10,002,002,,2
P0934,1,P0934,95,1,1,2,25190,107,2,0,001,002,,2
P0935,1,P0935,95,1,1,2,26147,107,2,0,001,002,,2
P0936,1,P0936,31,1,1,2,39534,107,2,0,002,002,,2
P0937,1,P0937,95,1,1,2,0,107,2,0,001,002,,2
P0938,1,P0938,95,1,1,2,28679,107,2,0,001,002,,2
P0939,1,P0939,95,1,1,2,0,107,2,0,001,002,,2
P0940,1,P0940,95,1,1,2,29040,107,2,0,001,002,,2
P0941,1,P0941,95,1,1,2,0,107,2,0,001,002,,2
P0942,1,P0942,95,1,1,2,0,107,2,0,005,002,,2
P0943,1,P0943,95,1,1,2,0,107,2,0,001,002,,2
P0944,1,P0944,95,1,1,2,0,107,2,0,001,002,,2
P0945,1,P0945,95,1,1,2,0,107,2,0,001,002,,2
P0946,1,P0946,95,1,1,2,0,107,2,0,001,002,,2
P0947,1,P0947,95,1,1,2,0,107,2,0,001,002,,2
P0948,1,P0948,95,1,1,2,47960,107,2,0,001,002,,2
P0949,1,P0949,95,1,1,2,0,107,2,0,001,002,,2
P0950,1,P0950,95,1,1,2,33550,107,2,0,001,002,,2
P0951,1,P0951,95,1,1,2,0,107,2,0,001,002,,2
P0952,1,P0952,95,1,1,2,0,107,2,0,001,002,,2
P0953,1,P0953,95,1,1,2,0,107,2,0,001,002,,2
P0954,1,P0954,95,1,1,2,78815,107,2,0,001,002,,2
P0955,1,P0955,95,1,1,2,31702,107,2,0,001,002,,2
P0956,1,P0956,95,1,1,2,0,103,2,0,005,002,,2
P0957,1,P0957,95,1,1,2,0,103,2,0,005,002,,2
P0958,1,P0958,95,1,1,2,0,101,2,0,001,002,,2
P0959,1,P0959,95,1,1,2,0,107,2,0,001,002,,2
P0960,1,P0960,31,1,1,2,6248,104,4,31,002,002,,2
P0961,1,P0961,95,1,1,2,67385,107,2,0,001,002,,2
P0962,1,P0962,95,1,1,2,0,104,2,0,005,002,,2
P0963,1,P0963,95,1,1,2,0,107,2,0,001,002,,2
P0964,1,P0964,95,1,1,2,0,107,2,0,001,002,,2
P0965,1,P0965,31,1,1,2,0,104,4,31,002,002,,2
P0966,1,P0966,95,1,1,2,0,107,2,0,001,002,,2
P0967,1,P0967,95,1,1,2,0,107,2,0,001,002,,2
P0968,1,P0968,95,1,1,2,28369,107,2,0,001,002,,2
P0969,1,P0969,95,1,1,2,0,107,2,0,001,002,,2
P0970,1,P0970,95,1,1,2,0,107,2,0,001,002,,2
P0971,1,P0971,31,1,1,2,14894,102,3,10,002,002,,2
P0972,1,P0972,95,1,1,2,9394,107,2,0,001,002,,2
P0973,1,P0973,95,1,1,2,0,107,2,0,005,002,,2
P0974,1,P0974,95,1,1,2,43868,107,2,0,001,002,,2
P0975,1,P0975,95,1,1,2,0,107,2,0,001,002,,2
P0976,1,P0976,95,1,1,2,39963,107,2,0,001,002,,2
P0977,1,P0977,31,1,1,2,54241,102,3,10,002,002,,2
P0978,1,P0978,95,1,1,2,12100,107,2,0,001,002,,2
P0979,1,P0979,95,1,1,2,70675,107,2,0,001,002,,2
P0980,1,P0980,95,1,1,2,0,107,2,0,001,002,,2
P0981,1,P0981,95,1,1,2,0,107,2,0,001,002,,2
P0982,1,P0982,95,1,1,2,75570,107,2,0,001,002,,2
P0983,1,P0983,95,1,1,2,0,107,2,0,001,002,,2
P0984,1,P0984,95,1,1,2,0,107,2,0,001,002,,2
P0985,1,P0985,95,1,1,2,328394,107,2,0,001,002,,2
P0986,1,P0986,95,1,1,2,8019,107,2,0,001,002,,2
P0987,1,P0987,31,1,1,2,0,104,4,31,002,002,,2
P0988,1,P0988,95,1,1,2,0,107,2,0,001,002,,2
P0989,1,P0989,95,1,1,2,181115,107,2,0,001,002,,2
P0990,1,P0990,95,1,1,2,0,107,2,0,001,002,,2
P0991,1,P0991,95,1,1,2,0,108,2,0,001,002,,2
P0992,1,P0992,95,1,1,2,18194,107,2,0,001,002,,2
P0993,1,P0993,31,1,1,2,63624,107,2,0,002,002,,2
P0994,1,P0994,95,1,1,2,0,107,2,0,001,002,,2
P0995,1,P0995,95,1,1,2,70686,107,2,0,001,002,,2
P0996,1,P0996,31,1,1,2,0,102,3,10,002,002,,2
P0997,1,P0997,95,1,1,2,38379,107,2,0,001,002,,2
P0998,1,P0998,95,1,1,2,44594,107,2,0,001,002,,2
P0999,1,P0999,95,1,1,2,5709,107,2,0,001,002,,2
P1000,1,P1000,95,1,1,2,0,107,2,0,004,004,,2
P1001,1,P1001,95,1,1,2,38401,107,2,0,001,002,,2
P1002,1,P1002,95,1,1,2,45001,107,2,0,001,002,,2
P1003,1,P1003,95,1,1,2,0,107,2,0,001,002,,2
P1004,1,P1004,95,1,1,2,0,107,2,0,001,002,,2
P1005,1,P1005,95,1,1,2,25575,107,2,0,001,002,,2
P1006,1,P1006,95,1,1,2,0,107,2,0,001,002,,2
P1007,1,P1007,95,1,1,2,149952,107,2,0,001,002,,2
P1008,1,P1008,95,1,1,2,0,107,2,0,005,002,,2
P1009,1,P1009,95,1,1,2,0,107,2,0,001,002,,2
P1010,1,P1010,95,1,1,2,32032,107,2,0,001,002,,2
P1011,1,P1011,95,1,1,2,0,107,2,0,001,002,,2
P1012,1,P1012,95,1,1,2,0,107,2,0,001,002,,2
P1013,1,P1013,95,1,1,2,61600,107,2,0,001,002,,2
P1014,1,P1014,95,1,1,2,43874,107,2,0,001,002,,2
P1015,1,P1015,95,1,1,2,0,107,2,0,001,002,,2
P1016,1,P1016,95,1,1,2,277706,107,2,0,001,002,,2
P1017,1,P1017,95,1,1,2,5874,107,2,0,001,002,,2
P1018,1,P1018,95,1,1,2,14234,107,2,0,001,002,,2
P1019,1,P1019,95,1,1,2,0,107,2,0,001,002,,2
P1020,1,P1020,95,1,1,2,18392,107,2,0,001,002,,2
P1021,1,P1021,95,1,1,2,0,107,2,0,001,002,,1
P1022,1,P1022,95,1,1,2,721039,107,2,0,001,002,,2
P1023,1,P1023,95,1,1,2,0,107,2,0,001,002,,1
P1024,1,P1024,95,1,1,2,15301,107,2,0,001,002,,2
P1025,1,P1025,95,1,1,2,40260,107,2,0,001,002,,2
P1026,1,P1026,95,1,1,2,38357,107,2,0,001,002,,2
P1027,1,P1027,95,1,1,2,0,107,2,0,001,002,,2
P1028,1,P1028,95,1,1,2,29247,107,2,0,001,002,,2
P1029,1,P1029,95,1,1,2,0,107,2,0,005,002,,2
P1030,1,P1030,95,1,1,2,12694,107,2,0,001,002,,2
P1031,1,P1031,95,1,1,2,0,107,2,0,001,002,,2
P1032,1,P1032,95,1,1,2,0,107,2,0,001,002,,2
P1033,1,P1033,95,1,1,2,8965,107,2,0,001,002,,2
P1034,4,P1034,31,1,1,2,0,102,4,20,002,001,,2
P1035,1,P1035,95,1,1,2,0,101,2,0,001,003,,2
P1036,1,P1036,95,1,1,2,0,101,2,0,001,002,,2
P1037,1,P1037,95,1,1,2,0,101,2,0,001,002,,2
P1038,1,P1038,95,1,1,2,13684,101,2,0,001,002,,2
P1039,1,P1039,95,1,1,2,0,101,2,0,001,002,,2
P1040,1,P1040,95,1,1,2,0,101,2,0,001,002,,2
P1041,1,P1041,95,1,1,2,0,101,2,0,1,2,,2
P1042,1,P1042,95,1,1,2,74778,101,2,0,1,2,,2
P1043,1,P1043,95,1,1,2,37950,101,2,0,1,2,,2
P1044,1,P1044,95,1,1,2,0,101,2,0,5,2,,2
P1045,1,P1045,95,1,1,2,138171,101,2,0,1,2,,2
P1046,1,P1046,95,1,1,2,0,101,2,0,1,2,,2
P1047,1,P1047,95,1,1,2,0,101,2,0,1,2,,2
P1048,1,P1048,95,1,1,2,53356,101,2,0,1,2,,2
P1049,1,P1049,95,1,1,2,14878,101,2,0,1,2,,2
P1050,1,P1050,95,1,1,2,0,101,2,0,1,2,,2
P1051,1,P1051,95,1,1,2,11539,101,2,0,1,2,,2
P1052,1,P1052,95,1,1,2,0,101,2,0,1,2,,2
P1053,1,P1053,95,1,1,2,0,101,2,0,1,2,,2
P1054,1,P1054,95,1,1,2,0,101,2,0,1,2,,2
P1055,1,P1055,95,1,1,2,0,101,2,0,1,2,,2
P1056,1,P1056,95,1,1,2,49522,101,2,0,1,2,,2
P1057,1,P1057,95,1,1,2,0,101,2,0,1,2,,2
P1058,1,P1058,95,1,1,2,52630,101,2,0,1,2,,2
P1059,4,P1059,31,1,1,2,5333,102,4,20,2,1,,2
P1060,1,P1060,95,1,1,2,86262,102,4,20,1,2,,2
P1061,1,P1061,95,1,1,2,26747,102,4,20,1,2,,2
P1062,1,P1062,95,1,1,2,0,102,4,20,3,2,,2
P1063,1,P1063,95,1,1,2,106315,102,4,20,1,2,,2
P1064,1,P1064,95,1,1,2,0,102,4,20,1,2,,2
P1065,1,P1065,95,1,1,2,29854,102,4,20,1,2,,2
P1066,1,P1066,95,1,1,2,173778,102,4,20,1,2,,2
P1067,1,P1067,95,1,1,2,0,102,4,20,1,2,,2
P1068,1,P1068,95,1,1,2,0,102,4,20,1,2,,2
P1069,1,P1069,95,1,1,2,0,102,4,20,1,2,,2
P1070,1,P1070,95,1,1,2,0,102,4,20,1,2,,2
P1071,3,P1071,95,1,1,2,0,102,4,20,1,2,,2
P1072,3,P1072,95,1,1,2,21395,102,4,20,1,2,,2
P1073,3,P1073,95,1,1,2,11374,102,4,20,1,2,,2
P1074,3,P1074,95,1,1,2,36410,102,4,20,1,2,,2
P1075,3,P1075,95,1,1,2,0,102,4,20,1,2,,2
P1076,1,P1076,31,1,1,2,20999,102,3,10,2,2,,2
P1077,3,P1077,95,1,1,2,0,102,4,20,1,2,,2
P1078,3,P1078,95,1,1,2,114983,102,4,20,1,2,,2
P1079,1,P1079,31,1,1,2,69938,102,3,10,2,2,,2
P1080,3,P1080,95,1,1,2,6380,102,4,20,1,2,,2
P1081,3,P1081,95,1,1,2,21153,102,4,20,5,2,,2
P1082,3,P1082,95,1,1,2,43362,102,4,20,1,2,,2
P1083,3,P1083,95,1,1,2,0,102,4,20,1,2,,2
P1084,3,P1084,95,1,1,2,35145,102,4,20,1,2,,2
P1085,3,P1085,95,1,1,2,0,102,4,20,1,2,,2
P1086,3,P1086,95,1,1,2,34793,102,4,20,1,2,,2
P1087,3,P1087,95,1,1,2,81268,102,4,20,1,2,,2
P1088,3,P1088,95,1,1,2,0,102,4,20,1,2,,2
P1089,3,P1089,95,1,1,2,10380,102,4,20,1,2,,2
P1090,3,P1090,95,1,1,2,0,102,4,20,1,2,,2
P1091,3,P1091,95,1,1,2,0,102,4,20,1,2,,2
P1092,3,P1092,95,1,1,2,70541,102,4,20,1,2,,2
P1093,3,P1093,95,1,1,2,86812,102,4,20,1,2,,2
P1094,3,P1094,95,1,1,2,0,102,4,20,1,2,,2
P1095,3,P1095,95,1,1,2,0,102,4,20,1,2,,2
P1096,3,P1096,95,1,1,2,13926,102,4,20,1,2,,2
PN001,6,PN001,95,1,1,1,3608,0,2,0,5,3,,2
PN002,6,PN002,95,1,1,1,58065,107,2,0,1,3,,2
PN003,6,PN003,95,1,1,1,0,0,2,0,4,3,,1
PN004,1,PN004,95,1,1,2,0,0,2,0,,,,2
PN005,1,PN005,95,1,1,2,0,0,2,0,,,,2
S01,1,S01,31,1,1,2,132000,105,2,0,,,,2
S02,1,S02,31,1,1,2,0,0,3,31,,,,2
S03,1,S03,31,1,1,2,217883,0,2,0,,,,2
S04,1,S04,31,1,1,2,0,101,4,31,,,,2
S05,1,S05,95,1,1,2,0,101,2,31,,,,2
S06,1,S06,31,1,1,2,0,102,4,31,,,,2
S07,1,S07,31,1,1,1,9262918,102,4,0,,,,2
S08,1,S08,31,1,1,2,0,0,2,0,,,,2
S09,1,S09,31,1,1,2,0,0,4,0,,,,2
S1,1,S1,95,1,1,2,0,101,2,0,1,2,,2
S10,1,S10,31,1,1,2,0,0,2,0,,,,2
S11,1,S11,31,1,1,2,0,0,2,0,,,,2
S12,1,S12,31,2,2,2,0,0,2,0,,,,2
S13,1,S13,31,1,1,2,0,0,2,0,,,,2
S14,1,S14,31,1,1,2,1232938,102,4,0,,,,2
S15,1,S15,31,1,1,2,0,0,2,0,,,,2
S16,1,S16,31,1,1,2,0,0,4,0,,,,2
S17,1,S17,95,1,1,2,0,0,2,0,,,,2
S18,1,S18,95,1,1,2,0,0,2,0,,,,2
S19,1,S19,31,1,1,2,0,0,2,0,,,,2
S2,1,S2,95,1,1,2,0,0,2,0,,,,2
S20,1,S20,31,1,1,2,0,105,2,0,,,,2
S21,1,S21,31,1,1,2,0,0,2,0,4,,,2
S22,1,S22,95,1,1,2,0,0,2,0,2,4,,2
S23,1,S23,31,1,1,2,0,0,4,0,,,,2
S24,1,S24,31,1,1,2,0,0,4,0,,,,2
S25,1,S25,95,1,1,2,0,0,4,0,,,,2
S28,1,S28,95,1,1,2,0,0,2,0,,,,2
S29,1,S29,95,1,1,2,0,0,2,0,,,,2
S3,1,S3,95,1,1,2,0,0,2,0,,,,2
S30,1,S30,31,1,1,2,0,0,2,0,,,,2
S31,1,S31,31,1,1,2,422758,0,4,0,,,,2
S32,1,S32,31,1,1,2,0,104,4,31,2,2,,2
S33,1,S33,95,1,1,2,0,0,2,0,,,,2
S34,1,S34,95,1,1,2,0,0,2,0,,,,2
S35,1,S35,95,1,1,2,0,0,2,0,,,,2
S36,1,S36,95,1,1,2,0,0,2,0,,,,2
S37,1,S37,95,1,1,2,0,0,2,0,,,,2
S38,1,S38,95,1,1,2,0,0,2,0,,,,2
S39,1,S39,95,1,1,2,0,0,2,0,,,,2
S4,1,S4,95,1,1,2,0,0,2,0,4,4,,2
S40,1,S40,95,1,1,2,0,0,2,0,,,,2
S41,1,S41,95,1,1,2,0,0,2,0,,,,2
S42,1,S42,95,1,1,2,0,0,2,0,,,,2
S43,1,S43,31,1,1,2,0,0,4,0,,,,2
S44,1,S44,95,1,1,2,0,0,4,0,,,,2
S45,1,S45,95,1,1,2,0,0,4,0,,,,2
S46,1,S46,31,1,1,2,0,0,2,0,,,,2
S47,1,S47,95,1,1,2,0,0,2,0,,,,2
S48,1,S48,95,1,1,2,0,0,2,0,,,,2
S49,1,S49,31,1,1,2,0,102,4,0,,,,2
S5,1,S5,95,1,1,2,0,0,2,0,,,,2
S50,1,S50,31,1,1,2,0,102,4,0,,,,2
S5000,1,S5000,95,1,1,2,0,0,4,0,,,,2
S5001,1,S5001,95,1,1,2,0,0,4,0,,,,2
S5002,1,S5002,95,1,1,2,0,102,4,0,,,,2
S5003,1,S5003,95,1,1,2,0,102,4,0,,,,2
S5004,1,S5004,95,1,1,2,0,102,2,0,,,,2
S5005,1,S5005,95,1,1,2,0,102,2,0,,,,2
S5006,1,S5006,90,1,1,2,0,103,2,0,,,,2
S5007,1,S5007,95,1,1,2,0,103,2,0,,,,2
S5008,1,S5008,31,1,1,2,235000,105,2,0,,,,2
S5009,1,S5009,95,1,1,2,0,103,2,0,,,,2
S5010,1,S5010,31,1,1,2,0,103,2,0,,,,2
S5011,1,S5011,95,1,1,2,193072,103,2,0,,,,2
S5012,1,S5012,95,1,1,2,0,103,2,0,,,,2
S5013,1,S5013,95,1,1,2,0,103,2,0,2,4,,2
S51,1,S51,95,1,1,2,0,0,4,0,,,,2
S52,1,S52,95,1,1,2,0,0,4,0,,,,2
S53,1,S53,95,1,1,2,0,0,4,0,,,,2
S55,1,S55,95,1,1,2,0,0,4,0,,,,2
S57,1,S57,95,1,1,2,0,0,4,0,,,,2
S58,1,S58,31,1,1,2,42000,0,4,0,,,,2
S59,1,S59,95,1,1,2,0,0,4,0,,,,2
S6,1,S6,31,1,1,1,10000,103,4,20,2,4,,2
S60,1,S60,95,1,1,2,0,0,4,0,,,,2
S61,1,S61,95,1,1,2,0,0,4,0,,,,2
S62,1,S62,95,1,1,2,0,0,4,0,,,,2
S63,1,S63,95,1,1,2,0,0,4,0,,,,2
S64,1,S64,95,1,1,2,0,0,4,0,,,,2
S66,1,S66,95,1,1,2,0,0,4,0,,,,2
S67,1,S67,95,1,1,2,0,0,4,0,,,,2
S68,1,S68,95,1,1,2,0,101,2,0,1,2,,2
S69,1,S69,95,1,1,2,0,0,2,0,,,,2
S7,1,S7,95,1,1,2,0,103,4,20,2,4,,2
S70,1,S70,95,1,1,2,0,0,2,0,,,,2
S71,4,S71,95,1,1,2,0,107,2,0,1,1,,2
S72,1,S72,95,1,1,2,0,0,2,0,,,,2
S73,1,S73,95,1,1,2,0,0,2,0,,,,2
S74,1,S74,95,1,1,2,0,0,2,0,,,,2
S75,1,S75,31,1,1,2,0,102,4,0,,,,2
S76,1,S76,31,1,1,2,0,0,2,0,,,,2
S77,1,S77,95,1,1,2,0,0,2,0,,,,2
S78,1,S78,95,1,1,2,0,0,2,0,,,,2
S8,1,S8,95,1,1,2,0,0,2,0,4,4,,2
S80,1,S80,31,1,1,2,0,0,2,0,,,,2
S8000,1,S8000,95,1,1,2,0,0,4,0,,,,2
S81,1,S81,31,1,1,2,0,102,4,0,,,,2
S82,1,S82,95,1,1,2,0,109,2,0,,,,2
S83,1,S83,95,1,1,2,0,102,2,0,,,,2
S85,1,S85,20,1,1,2,36300,0,4,0,,,,2
S86,1,S86,31,1,1,2,0,0,2,0,,,,2
S87,1,S87,31,1,1,2,0,0,2,0,,,,2
S88,1,S88,31,1,1,2,0,0,2,0,,,,2
S89,1,S89,31,1,1,2,0,0,2,0,,,,2
S9,1,S9,31,1,1,2,0,0,4,0,4,4,,2
S90,1,S90,95,1,1,2,0,0,2,0,,,,2
S92,1,S92,95,1,1,2,0,0,2,0,,,,2
S93,1,S93,95,1,1,2,0,0,4,30,,,,2
S94,1,S94,31,1,1,2,11000,0,4,20,,,,2
S95,1,S95,95,1,1,2,0,0,4,25,,,,2
S96,1,S96,31,1,1,2,0,0,2,0,,,,2
S97,1,S97,95,1,1,2,0,0,2,0,,,,2
S98,1,S98,95,1,1,2,0,0,2,0,,,,2
S99,1,S99,31,1,1,2,0,0,2,0,,,,2
T01,1,T01,31,1,1,2,1155176,201,4,30,2,1,,2
T02,1,T02,31,1,1,2,9285840,201,4,15,2,1,,2
T04,1,T04,95,1,1,2,1,102,4,31,2,1,,2
T05,1,T05,31,1,1,2,0,201,4,0,2,1,,2
T06,1,T06,31,1,1,2,110000,0,4,0,3,4,,2
T07,1,T07,95,1,1,2,0,0,2,0,3,4,,2
T08,1,T08,31,1,1,2,21560,201,4,30,2,1,,2
T09,1,T09,31,1,1,2,30000,0,4,0,3,4,,2
T10,1,T10,31,1,1,2,0,0,4,0,3,4,,2
T11,1,T11,31,1,1,2,0,0,4,0,3,4,,2
T12,1,T12,31,1,1,2,0,0,4,0,3,4,,2
T13,1,T13,31,1,1,2,0,0,4,0,,,,2
T14,1,T14,31,1,1,2,0,0,2,0,,,,2
T15,1,T15,31,1,1,2,0,0,4,0,,,,2
T16,1,T16,31,1,1,2,0,101,4,30,2,1,,2
T17,1,T17,31,1,1,2,0,104,4,30,2,1,,2
T18,1,T18,31,1,1,2,0,101,4,30,2,1,,2
T19,1,T19,31,1,1,2,0,101,4,30,2,1,,2
T20,1,T20,31,1,1,2,0,101,4,30,2,1,,2
T21,1,T21,31,2,2,2,168984,0,2,0,,,,2
T22,1,T22,31,1,1,2,0,0,2,0,,,,2
T23,1,T23,31,1,1,2,0,104,4,30,2,1,,2
U1001,1,U1001,31,1,1,2,0,101,2,0,3,2,1,2
U1002,1,U1002,31,1,1,2,0,101,2,0,2,2,1,2
U1003,1,U1003,31,1,1,2,44831,101,2,0,2,2,1,2
U1004,1,U1004,31,1,1,2,171468,101,2,0,2,2,1,2
U1006,4,U1006,31,1,1,2,0,101,2,0,2,1,1,2
U1007,1,U1007,31,1,1,2,0,101,2,0,2,2,1,2
U1009,1,U1009,31,1,1,2,0,101,2,0,2,2,1,2
U1010,1,U1010,31,1,1,2,0,101,2,0,2,2,1,2
U1011,1,U1011,31,1,1,2,0,101,2,0,2,2,1,2
U1012,1,U1012,31,1,1,2,0,101,2,0,2,2,1,2
U1013,1,U1013,95,1,1,2,10483,101,2,0,1,2,1,2
U1014,1,U1014,31,1,1,2,0,101,2,0,2,2,1,2
U1015,1,U1015,31,1,1,2,0,101,2,0,2,2,1,2
U1016,1,U1016,31,1,1,2,0,101,2,0,2,2,1,2
U1017,1,U1017,31,1,1,2,14234,0,2,0,2,2,1,2
U1018,1,U1018,95,1,1,2,97747,101,2,0,1,2,1,2
U1020,1,U1020,31,1,1,2,0,101,2,0,2,2,1,2
U1021,1,U1021,31,1,1,2,0,101,2,0,2,2,1,2
U1022,1,U1022,20,1,1,2,0,101,2,0,2,2,1,2
U1023,1,U1023,31,1,1,2,0,101,2,0,2,2,1,2
U1024,1,U1024,31,1,1,2,0,101,2,0,2,2,1,2
U1025,1,U1025,31,1,1,2,0,101,2,0,2,2,1,2
U1026,1,U1026,95,1,1,2,0,101,2,0,1,2,1,2
U1027,1,U1027,31,1,1,2,0,101,2,0,2,2,1,2
U1028,1,U1028,31,1,1,2,0,101,2,0,2,2,1,2
U1029,1,U1029,31,1,1,2,0,101,2,0,2,2,1,2
U1030,1,U1030,95,1,1,2,440,101,2,0,1,2,1,2
U1031,1,U1031,31,1,1,2,0,101,2,0,2,2,1,2
U1032,1,U1032,31,1,1,2,0,101,2,0,2,2,1,2
U1033,1,U1033,31,1,1,2,0,101,2,0,2,2,1,2
U1034,1,U1034,31,1,1,2,0,101,2,0,2,2,1,2
U1035,1,U1035,31,1,1,2,0,101,2,0,2,2,1,2
U1036,1,U1036,31,1,1,2,0,101,2,0,2,2,1,2
U1037,1,U1037,95,1,1,2,-7438,101,2,0,1,2,1,2
U1038,1,U1038,31,1,1,2,0,101,2,0,2,2,1,2
U1039,1,U1039,31,1,1,2,139192,101,2,0,2,2,1,2
U1040,1,U1040,95,1,1,2,115340,101,2,0,1,2,1,2
U1041,1,U1041,31,1,1,2,0,101,2,0,2,2,1,2
U1042,1,U1042,31,1,1,2,0,101,2,0,2,2,1,2
U1043,1,U1043,31,1,1,2,17325,101,2,0,2,2,1,2
U1044,1,U1044,31,1,1,2,0,101,2,0,2,2,1,2
U1045,1,U1045,31,1,1,2,0,101,2,0,2,2,1,2
U1046,1,U1046,31,1,1,2,0,101,2,0,2,2,1,2
U1047,1,U1047,95,1,1,2,-15081,101,2,0,1,2,1,2
U1048,1,U1048,31,1,1,2,0,101,2,0,2,2,1,2
U1049,1,U1049,31,1,1,2,0,101,2,0,2,2,1,2
U1050,1,U1050,31,1,1,2,0,101,2,0,2,2,1,2
U1051,1,U1051,31,1,1,2,0,101,2,0,2,2,1,2
U1052,1,U1052,31,1,1,2,0,101,2,0,2,2,1,2
U1053,1,U1053,95,1,1,2,0,101,2,0,1,2,1,2
U1054,1,U1054,31,1,1,2,0,101,2,0,2,2,1,2
U1055,1,U1055,31,1,1,2,0,101,2,0,2,2,1,2
U1056,1,U1056,31,1,1,2,0,101,2,0,2,2,1,2
U1057,1,U1057,31,1,1,2,33979,101,2,0,2,2,1,2
U1058,1,U1058,95,1,1,2,48034,101,2,0,1,2,1,2
U1059,1,U1059,31,1,1,2,0,101,2,0,2,2,1,2
U1060,1,U1060,95,1,1,2,0,101,2,0,1,2,1,2
U1061,1,U1061,31,1,1,2,0,101,2,0,2,2,1,2
U1062,1,U1062,95,1,1,2,0,101,2,0,1,2,1,2
U1063,1,U1063,31,1,1,2,0,101,2,0,2,2,1,2
U1064,1,U1064,31,1,1,2,0,101,2,0,2,2,1,2
U1065,1,U1065,31,1,1,2,0,101,2,0,2,2,1,2
U1066,1,U1066,31,1,1,2,0,101,2,0,2,2,1,2
U1067,1,U1067,31,1,1,2,0,101,2,0,2,2,1,2
U1068,1,U1068,31,1,1,2,0,101,2,0,2,2,1,2
U1069,1,U1069,95,1,1,2,32457,101,2,0,2,2,1,2
U1070,1,U1070,31,1,1,2,26912,101,2,0,2,2,1,2
U1071,1,U1071,95,1,1,2,51455,101,2,0,1,2,1,2
U1072,1,U1072,95,1,1,2,10967,101,2,0,1,2,1,2
U1073,1,U1073,31,1,1,2,78771,101,2,0,2,2,1,2
U1074,1,U1074,31,1,1,2,-13128,101,2,0,2,2,1,2
U1075,1,U1075,95,1,1,2,-1208,101,2,0,2,2,1,2
U1076,1,U1076,31,1,1,2,-770,101,2,0,2,2,1,2
U1077,1,U1077,31,1,1,2,23375,101,2,0,2,2,1,2
U1078,1,U1078,95,1,1,2,11198,101,2,0,1,2,1,2
U1079,1,U1079,31,1,1,2,0,101,2,0,2,2,1,2
U1080,1,U1080,31,1,1,2,165,101,2,0,2,2,1,2
U1081,1,U1081,31,1,1,2,36681,101,2,0,2,2,1,2
U1082,1,U1082,95,1,1,2,23161,101,2,0,1,2,1,2
U1083,1,U1083,31,1,1,2,0,101,2,0,2,2,1,2
U1084,1,U1084,31,1,1,2,99525,101,2,0,2,2,1,2
U1085,1,U1085,31,1,1,2,567246,101,2,0,2,2,1,2
U1090,1,U1090,31,1,1,2,0,101,2,0,2,2,1,2
U1091,1,U1091,31,1,1,2,0,101,2,0,2,2,1,2
U1092,1,U1092,31,1,1,2,39516,101,2,0,2,2,1,2
U1093,1,U1093,31,1,1,2,73747,101,2,0,2,2,1,2
U1094,1,U1094,95,1,1,2,2717,107,2,0,1,2,1,2
U1095,1,U1095,95,1,1,2,12324,107,2,0,1,2,1,2
U1096,1,U1096,31,2,2,2,0,0,2,0,1,2,1,2
U1097,1,U1097,95,1,1,2,35510,107,2,0,1,2,1,2
U1098,1,U1098,31,1,1,2,0,102,4,31,2,2,1,2
U1099,1,U1099,95,1,1,2,0,101,4,31,2,2,1,2
U1100,1,U1100,99,1,1,2,0,101,4,31,2,2,1,2
U1101,1,U1101,95,1,1,2,25254,101,4,0,1,2,1,2
U1102,1,U1102,95,1,1,2,-2376,107,2,0,1,2,1,2
U1103,1,U1103,95,1,1,2,0,101,2,0,1,2,1,2
U1104,1,U1104,95,1,1,2,0,101,2,0,1,2,1,2
U1105,1,U1105,95,1,1,2,0,101,2,0,1,2,1,2
U1106,1,U1106,95,1,1,2,66264,107,2,0,1,2,1,2
U1107,1,U1107,31,1,1,2,21124,101,2,0,1,2,1,2
U1108,1,U1108,95,1,1,2,0,101,2,0,1,2,1,2
U1109,1,U1109,95,1,1,2,0,101,2,0,1,2,1,2
U1110,1,U1110,95,1,1,2,7555,107,2,0,1,2,1,2
U1111,1,U1111,31,1,1,2,15800,107,2,0,2,2,1,2
U1112,4,U1112,31,1,1,2,45304,102,4,20,2,2,1,2
U1113,4,U1113,31,1,1,2,73810,102,4,20,2,2,1,2
Z9997,1,Z9997,95,1,1,2,0,101,2,0,,,,2
Z9998,1,Z9998,95,1,1,2,0,101,2,0,,,,2
Z9999,1,Z9999,95,1,1,2,0,101,2,0,,,,2